"0.0, 0.0, 0.893, 0.259, 0.791, 0.761, 0.168, 0.528, 0.732, 0.217, 0.623, 0.808, 0.322, 0.697, 0.399, 0.628, 0.702, 0.531, 1.0, 1.0, 3.70120717538"
"0.0, 0.0, 0.893, 0.259, 0.791, 0.761, 0.168, 0.528, 0.732, 0.217, 0.623, 0.808, 0.322, 0.697, 0.399, 0.628, 0.702, 0.531, 1.0, 1.0, 3.70120717538"
"0.0, 0.0, 0.322, 0.345, 0.572, 0.812, 0.71, 0.881, 0.192, 0.958, 0.615, 0.564, 0.777, 0.462, 0.636, 0.046, 0.951, 0.073, 1.0, 1.0, 2.66786426007"
"0.0, 0.0, 0.177, 0.155, 0.23, 0.302, 0.331, 0.615, 0.736, 0.605, 0.354, 0.556, 0.274, 0.119, 0.131, 0.916, 0.338, 0.79, 1.0, 1.0, 4.18300477673"
"0.0, 0.0, 0.092, 0.481, 0.585, 0.214, 0.528, 0.961, 0.782, 0.169, 0.93, 0.748, 0.893, 0.249, 0.336, 0.798, 0.434, 0.71, 1.0, 1.0, 1.50342219811"
"0.0, 0.0, 0.02, 0.73, 0.522, 0.273, 0.23, 0.282, 0.755, 0.697, 0.599, 0.957, 0.467, 0.164, 0.617, 0.082, 0.837, 0.688, 1.0, 1.0, 2.29052878209"
"0.0, 0.0, 0.235, 0.977, 0.38, 0.165, 0.45, 0.747, 0.534, 0.206, 0.363, 0.07, 0.361, 0.572, 0.711, 0.496, 0.278, 0.546, 1.0, 1.0, 1.84893930203"
"0.0, 0.0, 0.132, 0.553, 0.108, 0.39, 0.403, 0.075, 0.57, 0.8, 0.715, 0.877, 0.604, 0.561, 0.503, 0.628, 0.542, 0.857, 1.0, 1.0, 2.21617566104"
"0.0, 0.0, 0.901, 0.214, 0.023, 0.349, 0.428, 0.279, 0.269, 0.263, 0.206, 0.326, 0.899, 0.169, 0.91, 0.193, 0.975, 0.112, 1.0, 1.0, 9.84014465508"
"0.0, 0.0, 0.688, 0.911, 0.041, 0.073, 0.964, 0.456, 0.295, 0.17, 0.417, 0.569, 0.439, 0.563, 0.153, 0.962, 0.692, 0.724, 1.0, 1.0, 1.84656042872"
"0.0, 0.0, 0.517, 0.493, 0.66, 0.507, 0.483, 0.919, 0.128, 0.843, 0.293, 0.835, 0.193, 0.087, 0.165, 0.41, 0.879, 0.532, 1.0, 1.0, 2.23523272521"
"0.0, 0.0, 0.891, 0.501, 0.863, 0.582, 0.597, 0.478, 0.883, 0.454, 0.909, 0.843, 0.922, 0.848, 0.829, 0.696, 0.119, 0.233, 1.0, 1.0, 3.22511103565"
"0.0, 0.0, 0.623, 0.185, 0.642, 0.426, 0.522, 0.478, 0.619, 0.759, 0.793, 0.187, 0.77, 0.138, 0.272, 0.217, 0.014, 0.016, 1.0, 1.0, 5.29150180440"
"0.0, 0.0, 0.68, 0.896, 0.661, 0.642, 0.109, 0.119, 0.137, 0.049, 0.6, 0.215, 0.588, 0.629, 0.986, 0.269, 0.023, 0.587, 1.0, 1.0, 1.33836734712"
"0.0, 0.0, 0.725, 0.95, 0.453, 0.97, 0.757, 0.463, 0.02, 0.423, 0.871, 0.114, 0.779, 0.419, 0.698, 0.754, 0.192, 0.701, 1.0, 1.0, 1.34806531846"
"0.0, 0.0, 0.839, 0.915, 0.178, 0.922, 0.044, 0.467, 0.134, 0.514, 0.057, 0.603, 0.816, 0.316, 0.879, 0.98, 0.762, 0.533, 1.0, 1.0, 1.03693051543"
"0.0, 0.0, 0.173, 0.193, 0.403, 0.312, 0.753, 0.034, 0.248, 0.226, 0.886, 0.247, 0.76, 0.984, 0.33, 0.708, 0.34, 0.835, 1.0, 1.0, 3.63114874200"
"0.0, 0.0, 0.033, 0.876, 0.78, 0.08, 0.101, 0.091, 0.552, 0.267, 0.825, 0.929, 0.923, 0.164, 0.636, 0.693, 0.533, 0.88, 1.0, 1.0, 3.47647436943"
"0.0, 0.0, 0.341, 0.256, 0.255, 0.515, 0.361, 0.869, 0.937, 0.814, 0.676, 0.941, 0.046, 0.787, 0.697, 0.139, 0.193, 0.338, 1.0, 1.0, 1.78736266201"
"0.0, 0.0, 0.272, 0.97, 0.292, 0.013, 0.21, 0.692, 0.441, 0.092, 0.63, 0.145, 0.476, 0.814, 0.1, 0.094, 0.58, 0.202, 1.0, 1.0, 4.85039233470"
"0.0, 0.0, 0.703, 0.869, 0.652, 0.084, 0.463, 0.815, 0.484, 0.154, 0.928, 0.955, 0.393, 0.15, 0.054, 0.755, 0.56, 0.695, 1.0, 1.0, 6.35430674568"
"0.0, 0.0, 0.745, 0.594, 0.882, 0.656, 0.411, 0.53, 0.68, 0.639, 0.804, 0.172, 0.874, 0.225, 0.402, 0.133, 0.724, 0.592, 1.0, 1.0, 3.43162208251"
"0.0, 0.0, 0.371, 0.833, 0.093, 0.817, 0.476, 0.119, 0.864, 0.447, 0.496, 0.148, 0.074, 0.244, 0.308, 0.301, 0.048, 0.865, 1.0, 1.0, 3.66640931511"
"0.0, 0.0, 0.574, 0.77, 0.078, 0.495, 0.201, 0.913, 0.781, 0.183, 0.198, 0.023, 0.27, 0.301, 0.93, 0.268, 0.742, 0.804, 1.0, 1.0, 1.65228675787"
"0.0, 0.0, 0.241, 0.79, 0.768, 0.211, 0.672, 0.733, 0.229, 0.636, 0.719, 0.445, 0.17, 0.273, 0.465, 0.445, 0.34, 0.512, 1.0, 1.0, 5.79684971491"
"0.0, 0.0, 0.134, 0.019, 0.641, 0.621, 0.065, 0.238, 0.4, 0.447, 0.062, 0.899, 0.628, 0.463, 0.839, 0.573, 0.506, 0.237, 1.0, 1.0, 2.48402484082"
"0.0, 0.0, 0.396, 0.259, 0.013, 0.507, 0.522, 0.827, 0.203, 0.831, 0.551, 0.431, 0.766, 0.746, 0.753, 0.518, 0.707, 0.742, 1.0, 1.0, 2.67085803527"
"0.0, 0.0, 0.672, 0.747, 0.177, 0.92, 0.617, 0.13, 0.749, 0.013, 0.4, 0.331, 0.158, 0.762, 0.114, 0.755, 0.787, 0.156, 1.0, 1.0, 4.26980798414"
"0.0, 0.0, 0.928, 0.922, 0.866, 0.215, 0.442, 0.823, 0.98, 0.296, 0.806, 0.799, 0.079, 0.623, 0.462, 0.644, 0.683, 0.533, 1.0, 1.0, 1.59371804074"
"0.0, 0.0, 0.201, 0.875, 0.78, 0.101, 0.406, 0.575, 0.609, 0.275, 0.5, 0.01, 0.117, 0.201, 0.678, 0.43, 0.727, 0.785, 1.0, 1.0, 3.13848143647"
"0.0, 0.0, 0.634, 0.619, 0.808, 0.82, 0.641, 0.502, 0.31, 0.839, 0.756, 0.87, 0.124, 0.808, 0.061, 0.136, 0.541, 0.745, 1.0, 1.0, 2.31258595810"
"0.0, 0.0, 0.637, 0.614, 0.57, 0.228, 0.965, 0.695, 0.74, 0.362, 0.323, 0.601, 0.705, 0.441, 0.715, 0.789, 0.608, 0.385, 1.0, 1.0, 5.66875094725"
"0.0, 0.0, 0.082, 0.283, 0.979, 0.832, 0.825, 0.853, 0.882, 0.689, 0.575, 0.93, 0.334, 0.526, 0.461, 0.791, 0.224, 0.374, 1.0, 1.0, 1.18803104713"
"0.0, 0.0, 0.459, 0.361, 0.553, 0.073, 0.85, 0.508, 0.81, 0.928, 0.869, 0.456, 0.507, 0.049, 0.787, 0.858, 0.134, 0.957, 1.0, 1.0, 1.63522971733"
"0.0, 0.0, 0.271, 0.728, 0.735, 0.767, 0.146, 0.698, 0.91, 0.774, 0.722, 0.87, 0.643, 0.044, 0.37, 0.224, 0.89, 0.521, 1.0, 1.0, 1.93097620771"
"0.0, 0.0, 0.387, 0.341, 0.972, 0.363, 0.245, 0.544, 0.525, 0.563, 0.463, 0.06, 0.952, 0.379, 0.355, 0.842, 0.892, 0.706, 1.0, 1.0, 1.56608008371"
"0.0, 0.0, 0.806, 0.367, 0.264, 0.723, 0.065, 0.447, 0.237, 0.75, 0.441, 0.769, 0.341, 0.969, 0.855, 0.775, 0.568, 0.655, 1.0, 1.0, 1.76867133762"
"0.0, 0.0, 0.555, 0.975, 0.652, 0.455, 0.876, 0.761, 0.721, 0.716, 0.212, 0.182, 0.313, 0.096, 0.735, 0.54, 0.428, 0.869, 1.0, 1.0, 1.83644368170"
"0.0, 0.0, 0.968, 0.926, 0.227, 0.013, 0.949, 0.177, 0.465, 0.93, 0.114, 0.231, 0.911, 0.466, 0.213, 0.546, 0.697, 0.677, 1.0, 1.0, 1.03518028473"
"0.0, 0.0, 0.482, 0.307, 0.814, 0.369, 0.2, 0.446, 0.819, 0.055, 0.635, 0.537, 0.521, 0.873, 0.143, 0.15, 0.024, 0.89, 1.0, 1.0, 4.03745328039"
"0.0, 0.0, 0.35, 0.461, 0.01, 0.918, 0.558, 0.564, 0.695, 0.388, 0.519, 0.712, 0.351, 0.654, 0.839, 0.265, 0.513, 0.655, 1.0, 1.0, 8.3128523485"
"0.0, 0.0, 0.474, 0.626, 0.603, 0.438, 0.716, 0.068, 0.679, 0.531, 0.116, 0.182, 0.367, 0.422, 0.646, 0.582, 0.796, 0.953, 1.0, 1.0, 2.63057759811"
"0.0, 0.0, 0.216, 0.031, 0.126, 0.741, 0.545, 0.769, 0.129, 0.907, 0.601, 0.435, 0.84, 0.477, 0.105, 0.175, 0.205, 0.379, 1.0, 1.0, 1.85645994618"
"0.0, 0.0, 0.034, 0.855, 0.409, 0.506, 0.536, 0.576, 0.183, 0.291, 0.772, 0.469, 0.812, 0.385, 0.206, 0.283, 0.732, 0.927, 1.0, 1.0, 2.23970270366"
"0.0, 0.0, 0.905, 0.387, 0.447, 0.818, 0.148, 0.761, 0.12, 0.694, 0.506, 0.686, 0.826, 0.291, 0.218, 0.211, 0.436, 0.931, 1.0, 1.0, 2.37158252699"
"0.0, 0.0, 0.966, 0.977, 0.398, 0.78, 0.182, 0.299, 0.426, 0.63, 0.837, 0.825, 0.959, 0.086, 0.947, 0.734, 0.71, 0.328, 1.0, 1.0, 2.36797449272"
"0.0, 0.0, 0.693, 0.902, 0.562, 0.707, 0.717, 0.377, 0.241, 0.262, 0.744, 0.704, 0.01, 0.84, 0.739, 0.882, 0.082, 0.57, 1.0, 1.0, 1.52482341641"
"0.0, 0.0, 0.042, 0.87, 0.408, 0.218, 0.875, 0.941, 0.755, 0.615, 0.951, 0.807, 0.97, 0.313, 0.791, 0.043, 0.737, 0.762, 1.0, 1.0, 1.41706389786"
"0.0, 0.0, 0.965, 0.508, 0.587, 0.306, 0.639, 0.718, 0.224, 0.598, 0.746, 0.145, 0.046, 0.467, 0.299, 0.576, 0.88, 0.944, 1.0, 1.0, 2.45863287123"
"0.0, 0.0, 0.752, 0.399, 0.053, 0.086, 0.335, 0.501, 0.442, 0.742, 0.157, 0.936, 0.746, 0.899, 0.397, 0.917, 0.461, 0.71, 1.0, 1.0, 3.91144508627"
"0.0, 0.0, 0.956, 0.237, 0.865, 0.24, 0.305, 0.766, 0.92, 0.314, 0.655, 0.799, 0.461, 0.739, 0.905, 0.297, 0.325, 0.385, 1.0, 1.0, 6.20106729892"
"0.0, 0.0, 0.916, 0.035, 0.551, 0.401, 0.98, 0.661, 0.437, 0.473, 0.075, 0.835, 0.158, 0.692, 0.962, 0.314, 0.211, 0.819, 1.0, 1.0, 1.35770777432"
"0.0, 0.0, 0.673, 0.325, 0.5, 0.072, 0.7, 0.65, 0.649, 0.976, 0.469, 0.729, 0.42, 0.525, 0.049, 0.692, 0.826, 0.85, 1.0, 1.0, 1.14685127207"
"0.0, 0.0, 0.621, 0.371, 0.972, 0.371, 0.376, 0.069, 0.72, 0.305, 0.789, 0.401, 0.174, 0.459, 0.617, 0.237, 0.341, 0.35, 1.0, 1.0, 5.76765453531"
"0.0, 0.0, 0.598, 0.632, 0.076, 0.59, 0.786, 0.262, 0.674, 0.276, 0.375, 0.564, 0.922, 0.261, 0.25, 0.901, 0.433, 0.372, 1.0, 1.0, 2.00907205418"
"0.0, 0.0, 0.018, 0.298, 0.081, 0.601, 0.332, 0.829, 0.453, 0.614, 0.595, 0.205, 0.273, 0.309, 0.485, 0.199, 0.369, 0.241, 1.0, 1.0, 4.94869597521"
"0.0, 0.0, 0.397, 0.079, 0.916, 0.407, 0.626, 0.246, 0.073, 0.368, 0.687, 0.706, 0.985, 0.801, 0.137, 0.468, 0.065, 0.877, 1.0, 1.0, 1.12158685821"
"0.0, 0.0, 0.957, 0.792, 0.451, 0.328, 0.166, 0.729, 0.028, 0.759, 0.188, 0.452, 0.985, 0.591, 0.979, 0.374, 0.781, 0.186, 1.0, 1.0, 1.70031614007"
"0.0, 0.0, 0.205, 0.691, 0.853, 0.18, 0.975, 0.036, 0.735, 0.761, 0.234, 0.703, 0.904, 0.615, 0.833, 0.641, 0.486, 0.136, 1.0, 1.0, 4.47693042156"
"0.0, 0.0, 0.149, 0.385, 0.341, 0.682, 0.737, 0.05, 0.085, 0.658, 0.061, 0.167, 0.228, 0.184, 0.251, 0.472, 0.378, 0.322, 1.0, 1.0, 6.98121787322"
"0.0, 0.0, 0.914, 0.809, 0.606, 0.435, 0.605, 0.875, 0.892, 0.931, 0.066, 0.68, 0.104, 0.453, 0.815, 0.403, 0.915, 0.537, 1.0, 1.0, 2.10585732952"
"0.0, 0.0, 0.955, 0.858, 0.451, 0.604, 0.043, 0.108, 0.438, 0.164, 0.616, 0.205, 0.129, 0.817, 0.797, 0.561, 0.519, 0.752, 1.0, 1.0, 2.48022530054"
"0.0, 0.0, 0.334, 0.592, 0.691, 0.033, 0.045, 0.06, 0.52, 0.264, 0.482, 0.399, 0.626, 0.067, 0.936, 0.621, 0.832, 0.648, 1.0, 1.0, 1.55802886335"
"0.0, 0.0, 0.241, 0.681, 0.219, 0.382, 0.03, 0.764, 0.289, 0.815, 0.381, 0.452, 0.809, 0.41, 0.756, 0.085, 0.144, 0.495, 1.0, 1.0, 3.52660614686"
"0.0, 0.0, 0.171, 0.341, 0.128, 0.233, 0.701, 0.891, 0.502, 0.904, 0.348, 0.197, 0.131, 0.633, 0.472, 0.38, 0.218, 0.984, 1.0, 1.0, 1.64329586808"
"0.0, 0.0, 0.362, 0.471, 0.585, 0.125, 0.351, 0.146, 0.731, 0.56, 0.312, 0.865, 0.642, 0.583, 0.241, 0.12, 0.497, 0.407, 1.0, 1.0, 4.34798167857"
"0.0, 0.0, 0.264, 0.141, 0.886, 0.604, 0.502, 0.609, 0.936, 0.339, 0.189, 0.305, 0.044, 0.822, 0.642, 0.645, 0.353, 0.01, 1.0, 1.0, 1.81185719381"
"0.0, 0.0, 0.243, 0.815, 0.057, 0.295, 0.489, 0.028, 0.153, 0.034, 0.599, 0.558, 0.91, 0.826, 0.259, 0.909, 0.673, 0.238, 1.0, 1.0, 1.49090456624"
"0.0, 0.0, 0.689, 0.714, 0.378, 0.34, 0.484, 0.603, 0.491, 0.743, 0.524, 0.256, 0.926, 0.056, 0.111, 0.898, 0.907, 0.657, 1.0, 1.0, 3.69428394451"
"0.0, 0.0, 0.521, 0.642, 0.349, 0.416, 0.072, 0.212, 0.908, 0.246, 0.977, 0.861, 0.014, 0.933, 0.689, 0.119, 0.09, 0.27, 1.0, 1.0, 2.58116253435"
"0.0, 0.0, 0.622, 0.796, 0.143, 0.917, 0.276, 0.023, 0.515, 0.63, 0.333, 0.304, 0.76, 0.242, 0.092, 0.107, 0.912, 0.691, 1.0, 1.0, 1.38929961565"
"0.0, 0.0, 0.641, 0.262, 0.314, 0.606, 0.569, 0.267, 0.175, 0.486, 0.796, 0.142, 0.352, 0.612, 0.598, 0.547, 0.063, 0.415, 1.0, 1.0, 5.28187889036"
"0.0, 0.0, 0.175, 0.666, 0.424, 0.305, 0.765, 0.98, 0.391, 0.508, 0.137, 0.708, 0.092, 0.757, 0.442, 0.675, 0.164, 0.88, 1.0, 1.0, 3.76043867289"
"0.0, 0.0, 0.939, 0.313, 0.302, 0.436, 0.795, 0.474, 0.69, 0.364, 0.63, 0.646, 0.131, 0.143, 0.66, 0.892, 0.042, 0.775, 1.0, 1.0, 1.38527354285"
"0.0, 0.0, 0.25, 0.355, 0.077, 0.416, 0.672, 0.617, 0.915, 0.651, 0.861, 0.796, 0.479, 0.851, 0.184, 0.407, 0.053, 0.131, 1.0, 1.0, 0.988004439252"
"0.0, 0.0, 0.968, 0.461, 0.663, 0.294, 0.254, 0.617, 0.61, 0.691, 0.965, 0.069, 0.665, 0.129, 0.858, 0.257, 0.838, 0.234, 1.0, 1.0, 3.55811106753"
"0.0, 0.0, 0.675, 0.306, 0.517, 0.097, 0.608, 0.738, 0.218, 0.332, 0.388, 0.641, 0.565, 0.988, 0.984, 0.828, 0.19, 0.232, 1.0, 1.0, 2.24028300405"
"0.0, 0.0, 0.602, 0.989, 0.165, 0.208, 0.239, 0.737, 0.531, 0.623, 0.734, 0.375, 0.44, 0.613, 0.942, 0.796, 0.782, 0.613, 1.0, 1.0, 2.63332522760"
"0.0, 0.0, 0.948, 0.254, 0.185, 0.868, 0.88, 0.945, 0.513, 0.24, 0.253, 0.341, 0.896, 0.603, 0.062, 0.611, 0.696, 0.146, 1.0, 1.0, 2.13317350810"
"0.0, 0.0, 0.869, 0.442, 0.516, 0.858, 0.102, 0.639, 0.985, 0.928, 0.765, 0.883, 0.352, 0.242, 0.307, 0.595, 0.38, 0.581, 1.0, 1.0, 1.97885231366"
"0.0, 0.0, 0.849, 0.941, 0.05, 0.74, 0.653, 0.312, 0.341, 0.646, 0.486, 0.914, 0.945, 0.887, 0.831, 0.918, 0.571, 0.133, 1.0, 1.0, 2.35540282128"
"0.0, 0.0, 0.668, 0.303, 0.733, 0.509, 0.289, 0.913, 0.521, 0.318, 0.259, 0.247, 0.112, 0.987, 0.603, 0.28, 0.922, 0.647, 1.0, 1.0, 3.77166378505"
"0.0, 0.0, 0.951, 0.324, 0.743, 0.11, 0.57, 0.946, 0.483, 0.567, 0.11, 0.859, 0.382, 0.177, 0.684, 0.107, 0.106, 0.837, 1.0, 1.0, 2.08015320284"
"0.0, 0.0, 0.322, 0.229, 0.564, 0.014, 0.851, 0.86, 0.302, 0.926, 0.429, 0.722, 0.49, 0.415, 0.209, 0.344, 0.053, 0.216, 1.0, 1.0, 2.10388411017"
"0.0, 0.0, 0.982, 0.307, 0.926, 0.516, 0.184, 0.47, 0.553, 0.711, 0.809, 0.176, 0.409, 0.42, 0.541, 0.354, 0.624, 0.162, 1.0, 1.0, 2.62169311090"
"0.0, 0.0, 0.15, 0.265, 0.674, 0.384, 0.705, 0.918, 0.786, 0.101, 0.032, 0.807, 0.67, 0.837, 0.466, 0.078, 0.368, 0.755, 1.0, 1.0, 2.41271370247"
"0.0, 0.0, 0.816, 0.175, 0.184, 0.386, 0.17, 0.579, 0.662, 0.841, 0.665, 0.842, 0.195, 0.685, 0.461, 0.871, 0.394, 0.085, 1.0, 1.0, 3.75023737120"
"0.0, 0.0, 0.107, 0.337, 0.274, 0.933, 0.659, 0.659, 0.5, 0.074, 0.511, 0.835, 0.494, 0.366, 0.79, 0.705, 0.255, 0.741, 1.0, 1.0, 1.66196683359"
"0.0, 0.0, 0.798, 0.643, 0.593, 0.376, 0.179, 0.247, 0.982, 0.561, 0.592, 0.823, 0.708, 0.853, 0.733, 0.111, 0.629, 0.15, 1.0, 1.0, 2.34250628012"
"0.0, 0.0, 0.422, 0.595, 0.739, 0.138, 0.793, 0.424, 0.106, 0.166, 0.664, 0.12, 0.865, 0.324, 0.095, 0.306, 0.061, 0.949, 1.0, 1.0, 4.08381008385"
"0.0, 0.0, 0.596, 0.443, 0.876, 0.807, 0.287, 0.028, 0.895, 0.85, 0.345, 0.703, 0.35, 0.826, 0.941, 0.637, 0.331, 0.409, 1.0, 1.0, 1.84955984331"
"0.0, 0.0, 0.215, 0.353, 0.933, 0.205, 0.955, 0.127, 0.937, 0.383, 0.547, 0.437, 0.701, 0.069, 0.371, 0.667, 0.475, 0.296, 1.0, 1.0, 2.63056985651"
"0.0, 0.0, 0.772, 0.748, 0.267, 0.299, 0.224, 0.812, 0.852, 0.404, 0.689, 0.879, 0.782, 0.1, 0.084, 0.27, 0.215, 0.036, 1.0, 1.0, 2.40679120959"
"0.0, 0.0, 0.779, 0.465, 0.119, 0.731, 0.362, 0.845, 0.984, 0.478, 0.496, 0.503, 0.27, 0.84, 0.316, 0.836, 0.488, 0.668, 1.0, 1.0, 3.33318090702"
"0.0, 0.0, 0.237, 0.063, 0.063, 0.202, 0.38, 0.042, 0.195, 0.393, 0.491, 0.539, 0.505, 0.086, 0.335, 0.847, 0.309, 0.287, 1.0, 1.0, 5.51838120369"
"0.0, 0.0, 0.232, 0.675, 0.28, 0.895, 0.558, 0.734, 0.924, 0.916, 0.754, 0.778, 0.792, 0.71, 0.551, 0.022, 0.097, 0.842, 1.0, 1.0, 11.2356150029"
"0.0, 0.0, 0.4, 0.123, 0.852, 0.031, 0.216, 0.023, 0.646, 0.746, 0.28, 0.715, 0.25, 0.812, 0.349, 0.908, 0.152, 0.639, 1.0, 1.0, 5.44868183481"
"0.0, 0.0, 0.204, 0.973, 0.618, 0.631, 0.566, 0.582, 0.12, 0.493, 0.128, 0.136, 0.437, 0.592, 0.239, 0.475, 0.832, 0.479, 1.0, 1.0, 2.01873367097"
"0.0, 0.0, 0.451, 0.652, 0.675, 0.222, 0.984, 0.288, 0.08, 0.218, 0.039, 0.523, 0.625, 0.832, 0.494, 0.122, 0.576, 0.836, 1.0, 1.0, 1.22631730586"
"0.0, 0.0, 0.635, 0.163, 0.516, 0.567, 0.393, 0.456, 0.286, 0.807, 0.012, 0.369, 0.892, 0.089, 0.575, 0.064, 0.517, 0.794, 1.0, 1.0, 2.37388244464"
"0.0, 0.0, 0.873, 0.76, 0.37, 0.686, 0.242, 0.92, 0.644, 0.906, 0.902, 0.409, 0.602, 0.052, 0.947, 0.278, 0.988, 0.016, 1.0, 1.0, 2.43451967311"
"0.0, 0.0, 0.212, 0.65, 0.245, 0.794, 0.527, 0.602, 0.853, 0.892, 0.746, 0.797, 0.754, 0.68, 0.541, 0.143, 0.186, 0.845, 1.0, 1.0, 7.05581371406"
"0.0, 0.0, 0.692, 0.856, 0.134, 0.421, 0.271, 0.164, 0.138, 0.322, 0.338, 0.58, 0.857, 0.516, 0.645, 0.957, 0.698, 0.376, 1.0, 1.0, 1.74569458169"
"0.0, 0.0, 0.235, 0.977, 0.38, 0.165, 0.45, 0.747, 0.534, 0.206, 0.363, 0.07, 0.361, 0.572, 0.711, 0.496, 0.193, 0.701, 1.0, 1.0, 1.83316855197"
"0.0, 0.0, 0.529, 0.382, 0.878, 0.766, 0.33, 0.144, 0.903, 0.747, 0.313, 0.623, 0.288, 0.825, 0.88, 0.638, 0.335, 0.329, 1.0, 1.0, 2.94479627599"
"0.0, 0.0, 0.393, 0.281, 0.533, 0.357, 0.618, 0.318, 0.399, 0.156, 0.731, 0.444, 0.688, 0.958, 0.2, 0.523, 0.136, 0.859, 1.0, 1.0, 3.76855947259"
"0.0, 0.0, 0.173, 0.193, 0.403, 0.312, 0.753, 0.034, 0.248, 0.226, 0.886, 0.247, 0.76, 0.832, 0.494, 0.122, 0.576, 0.836, 1.0, 1.0, 5.92239059822"
"0.0, 0.0, 0.36, 0.723, 0.21, 0.49, 0.032, 0.704, 0.258, 0.754, 0.316, 0.482, 0.81, 0.391, 0.78, 0.264, 0.267, 0.502, 1.0, 1.0, 3.83396088526"
"0.0, 0.0, 0.867, 0.485, 0.609, 0.736, 0.329, 0.58, 0.332, 0.674, 0.681, 0.568, 0.859, 0.252, 0.334, 0.175, 0.603, 0.805, 1.0, 1.0, 4.45139470885"
"0.0, 0.0, 0.451, 0.652, 0.675, 0.222, 0.984, 0.288, 0.08, 0.218, 0.039, 0.523, 0.625, 0.832, 0.494, 0.475, 0.832, 0.479, 1.0, 1.0, 1.08254003847"
"0.0, 0.0, 0.034, 0.68, 0.534, 0.261, 0.289, 0.417, 0.76, 0.591, 0.665, 0.915, 0.552, 0.181, 0.56, 0.225, 0.756, 0.692, 1.0, 1.0, 2.13847753860"
"0.0, 0.0, 0.834, 0.533, 0.515, 0.379, 0.844, 0.579, 0.711, 0.363, 0.529, 0.62, 0.315, 0.27, 0.682, 0.826, 0.201, 0.522, 1.0, 1.0, 4.29912467860"
"0.0, 0.0, 0.204, 0.973, 0.618, 0.631, 0.566, 0.582, 0.12, 0.493, 0.128, 0.558, 0.907, 0.826, 0.259, 0.909, 0.673, 0.238, 1.0, 1.0, 1.88543863017"
"0.0, 0.0, 0.236, 0.638, 0.639, 0.317, 0.646, 0.74, 0.209, 0.69, 0.695, 0.443, 0.304, 0.313, 0.393, 0.391, 0.313, 0.485, 1.0, 1.0, 6.97929610341"
"0.0, 0.0, 0.777, 0.395, 0.561, 0.174, 0.652, 0.663, 0.537, 0.839, 0.62, 0.531, 0.186, 0.503, 0.21, 0.626, 0.852, 0.881, 1.0, 1.0, 3.29612217555"
"0.0, 0.0, 0.175, 0.666, 0.424, 0.305, 0.765, 0.875, 0.892, 0.931, 0.066, 0.68, 0.104, 0.453, 0.815, 0.403, 0.915, 0.537, 1.0, 1.0, 1.60998565375"
"0.0, 0.0, 0.375, 0.462, 0.524, 0.102, 0.855, 0.594, 0.799, 0.865, 0.885, 0.526, 0.599, 0.101, 0.787, 0.695, 0.254, 0.918, 1.0, 1.0, 3.75972419669"
"0.0, 0.0, 0.642, 0.705, 0.734, 0.762, 0.427, 0.29, 0.503, 0.432, 0.432, 0.703, 0.18, 0.834, 0.9, 0.8, 0.139, 0.477, 1.0, 1.0, 2.53224103521"
"0.0, 0.0, 0.474, 0.626, 0.603, 0.438, 0.716, 0.068, 0.679, 0.531, 0.116, 0.182, 0.367, 0.422, 0.646, 0.582, 0.796, 0.648, 1.0, 1.0, 3.87993952667"
"0.0, 0.0, 0.201, 0.806, 0.696, 0.212, 0.712, 0.774, 0.334, 0.631, 0.765, 0.517, 0.33, 0.281, 0.53, 0.364, 0.419, 0.562, 1.0, 1.0, 6.95898223149"
"0.0, 0.0, 0.274, 0.275, 0.162, 0.386, 0.486, 0.885, 0.617, 0.877, 0.497, 0.69, 0.097, 0.75, 0.588, 0.188, 0.208, 0.524, 1.0, 1.0, 3.06535715879"
"0.0, 0.0, 0.951, 0.324, 0.743, 0.11, 0.57, 0.946, 0.483, 0.567, 0.11, 0.859, 0.382, 0.177, 0.684, 0.107, 0.106, 0.836, 1.0, 1.0, 2.07488273011"
"0.0, 0.0, 0.482, 0.666, 0.681, 0.304, 0.785, 0.431, 0.088, 0.217, 0.705, 0.118, 0.847, 0.343, 0.215, 0.395, 0.087, 0.899, 1.0, 1.0, 3.64685908121"
"0.0, 0.0, 0.278, 0.29, 0.129, 0.435, 0.521, 0.702, 0.926, 0.707, 0.713, 0.876, 0.235, 0.803, 0.464, 0.351, 0.135, 0.255, 1.0, 1.0, 1.71838837849"
"0.0, 0.0, 0.341, 0.256, 0.255, 0.515, 0.361, 0.869, 0.937, 0.814, 0.676, 0.941, 0.046, 0.787, 0.184, 0.407, 0.053, 0.131, 1.0, 1.0, 1.43785474988"
"0.0, 0.0, 0.603, 0.34, 0.386, 0.529, 0.652, 0.271, 0.156, 0.432, 0.644, 0.218, 0.406, 0.656, 0.577, 0.462, 0.165, 0.499, 1.0, 1.0, 9.41065870384"
"0.0, 0.0, 0.466, 0.86, 0.106, 0.77, 0.331, 0.245, 0.141, 0.339, 0.42, 0.59, 0.853, 0.695, 0.567, 0.94, 0.731, 0.334, 1.0, 1.0, 2.51859975283"
"0.0, 0.0, 0.173, 0.193, 0.403, 0.312, 0.753, 0.034, 0.248, 0.226, 0.886, 0.247, 0.76, 0.984, 0.33, 0.708, 0.34, 0.706, 1.0, 1.0, 4.06454300266"
"0.0, 0.0, 0.323, 0.539, 0.449, 0.324, 0.808, 0.916, 0.441, 0.501, 0.124, 0.733, 0.105, 0.744, 0.546, 0.602, 0.173, 0.867, 1.0, 1.0, 4.33549147832"
"0.0, 0.0, 0.65, 0.629, 0.484, 0.754, 0.546, 0.224, 0.657, 0.787, 0.397, 0.782, 0.572, 0.872, 0.853, 0.729, 0.381, 0.289, 1.0, 1.0, 6.38676073492"
"0.0, 0.0, 0.107, 0.337, 0.274, 0.933, 0.659, 0.659, 0.5, 0.074, 0.511, 0.835, 0.494, 0.851, 0.184, 0.407, 0.056, 0.131, 1.0, 1.0, 2.56474456346"
"0.0, 0.0, 0.934, 0.347, 0.697, 0.259, 0.476, 0.884, 0.583, 0.639, 0.241, 0.863, 0.376, 0.19, 0.608, 0.204, 0.16, 0.785, 1.0, 1.0, 2.79760731581"
"0.0, 0.0, 0.237, 0.351, 0.363, 0.28, 0.704, 0.562, 0.66, 0.622, 0.742, 0.617, 0.497, 0.141, 0.788, 0.81, 0.218, 0.822, 1.0, 1.0, 4.50038264460"
"0.0, 0.0, 0.745, 0.594, 0.882, 0.656, 0.411, 0.53, 0.68, 0.639, 0.804, 0.87, 0.124, 0.808, 0.061, 0.136, 0.541, 0.745, 1.0, 1.0, 2.58141421385"
"0.0, 0.0, 0.601, 0.425, 0.847, 0.38, 0.315, 0.097, 0.757, 0.293, 0.826, 0.493, 0.142, 0.553, 0.631, 0.213, 0.29, 0.334, 1.0, 1.0, 3.37803627361"
"0.0, 0.0, 0.03, 0.531, 0.188, 0.537, 0.427, 0.687, 0.241, 0.403, 0.732, 0.289, 0.51, 0.36, 0.392, 0.247, 0.582, 0.667, 1.0, 1.0, 5.93419044979"
"0.0, 0.0, 0.018, 0.298, 0.081, 0.601, 0.332, 0.829, 0.453, 0.614, 0.595, 0.205, 0.273, 0.309, 0.251, 0.472, 0.378, 0.322, 1.0, 1.0, 5.09267034183"
"0.0, 0.0, 0.571, 0.463, 0.796, 0.46, 0.342, 0.079, 0.748, 0.333, 0.73, 0.35, 0.154, 0.416, 0.555, 0.249, 0.282, 0.453, 1.0, 1.0, 5.55086583952"
"0.0, 0.0, 0.4, 0.379, 0.453, 0.785, 0.289, 0.471, 0.72, 0.264, 0.57, 0.618, 0.431, 0.826, 0.614, 0.18, 0.255, 0.809, 1.0, 1.0, 5.29995362626"
"0.0, 0.0, 0.25, 0.352, 0.077, 0.416, 0.672, 0.617, 0.674, 0.276, 0.375, 0.564, 0.922, 0.261, 0.25, 0.901, 0.433, 0.372, 1.0, 1.0, 1.98438135472"
"0.0, 0.0, 0.424, 0.441, 0.568, 0.114, 0.42, 0.246, 0.714, 0.643, 0.343, 0.837, 0.597, 0.571, 0.202, 0.234, 0.562, 0.495, 1.0, 1.0, 4.24489257217"
"0.0, 0.0, 0.028, 0.789, 0.7, 0.225, 0.147, 0.211, 0.693, 0.434, 0.647, 0.935, 0.812, 0.164, 0.631, 0.299, 0.628, 0.789, 1.0, 1.0, 1.71549364732"
"0.0, 0.0, 0.149, 0.385, 0.341, 0.682, 0.737, 0.05, 0.085, 0.658, 0.061, 0.167, 0.228, 0.244, 0.308, 0.301, 0.048, 0.865, 1.0, 1.0, 5.24133082806"
"0.0, 0.0, 0.567, 0.403, 0.309, 0.487, 0.497, 0.352, 0.228, 0.407, 0.762, 0.142, 0.376, 0.652, 0.498, 0.456, 0.166, 0.372, 1.0, 1.0, 8.40399925968"
"0.0, 0.0, 0.203, 0.318, 0.723, 0.823, 0.795, 0.869, 0.422, 0.885, 0.586, 0.67, 0.575, 0.502, 0.583, 0.232, 0.393, 0.235, 1.0, 1.0, 3.60687802423"
"0.0, 0.0, 0.35, 0.461, 0.01, 0.918, 0.558, 0.564, 0.695, 0.388, 0.519, 0.712, 0.351, 0.654, 0.905, 0.297, 0.325, 0.385, 1.0, 1.0, 5.39668230025"
"0.0, 0.0, 0.366, 0.278, 0.025, 0.488, 0.552, 0.785, 0.345, 0.795, 0.613, 0.504, 0.708, 0.767, 0.639, 0.495, 0.576, 0.619, 1.0, 1.0, 4.10759145499"
"0.0, 0.0, 0.112, 0.873, 0.599, 0.133, 0.662, 0.705, 0.674, 0.421, 0.831, 0.193, 0.329, 0.273, 0.73, 0.284, 0.732, 0.774, 1.0, 1.0, 4.71989239331"
"0.0, 0.0, 0.893, 0.175, 0.184, 0.386, 0.17, 0.579, 0.662, 0.841, 0.665, 0.842, 0.195, 0.685, 0.461, 0.871, 0.394, 0.085, 1.0, 1.0, 3.15897435396"
"0.0, 0.0, 0.676, 0.778, 0.254, 0.877, 0.637, 0.179, 0.647, 0.062, 0.468, 0.405, 0.128, 0.777, 0.239, 0.78, 0.646, 0.238, 1.0, 1.0, 4.16306796378"
"0.0, 0.0, 0.83, 0.459, 0.424, 0.814, 0.258, 0.765, 0.984, 0.795, 0.617, 0.707, 0.306, 0.509, 0.309, 0.645, 0.458, 0.603, 1.0, 1.0, 5.83443873489"
"0.0, 0.0, 0.445, 0.429, 0.63, 0.244, 0.399, 0.225, 0.751, 0.663, 0.337, 0.794, 0.535, 0.621, 0.337, 0.314, 0.516, 0.461, 1.0, 1.0, 6.41629636638"
"0.0, 0.0, 0.742, 0.464, 0.559, 0.408, 0.198, 0.785, 0.349, 0.71, 0.281, 0.639, 0.666, 0.242, 0.66, 0.25, 0.236, 0.662, 1.0, 1.0, 7.30782012571"
"0.0, 0.0, 0.601, 0.425, 0.847, 0.38, 0.17, 0.579, 0.662, 0.841, 0.662, 0.842, 0.195, 0.685, 0.461, 0.871, 0.394, 0.085, 1.0, 1.0, 2.37959983241"
"0.0, 0.0, 0.536, 0.398, 0.703, 0.391, 0.356, 0.218, 0.79, 0.375, 0.803, 0.569, 0.16, 0.603, 0.597, 0.24, 0.259, 0.318, 1.0, 1.0, 4.55360681784"
"0.0, 0.0, 0.655, 0.725, 0.399, 0.834, 0.581, 0.222, 0.554, 0.341, 0.459, 0.547, 0.154, 0.801, 0.621, 0.786, 0.426, 0.417, 1.0, 1.0, 5.16874089679"
"0.0, 0.0, 0.474, 0.626, 0.603, 0.438, 0.716, 0.068, 0.714, 0.643, 0.343, 0.834, 0.597, 0.571, 0.202, 0.234, 0.562, 0.495, 1.0, 1.0, 4.03190059309"
"0.0, 0.0, 0.344, 0.51, 0.594, 0.136, 0.365, 0.239, 0.709, 0.601, 0.403, 0.856, 0.64, 0.489, 0.287, 0.247, 0.618, 0.553, 1.0, 1.0, 4.32981640910"
"0.0, 0.0, 0.836, 0.517, 0.684, 0.709, 0.35, 0.55, 0.569, 0.656, 0.759, 0.709, 0.66, 0.524, 0.159, 0.159, 0.561, 0.757, 1.0, 1.0, 4.18553706436"
"0.0, 0.0, 0.36, 0.723, 0.21, 0.49, 0.032, 0.704, 0.258, 0.388, 0.519, 0.712, 0.351, 0.654, 0.905, 0.297, 0.325, 0.385, 1.0, 1.0, 2.24793317113"
"0.0, 0.0, 0.25, 0.352, 0.077, 0.416, 0.672, 0.617, 0.722, 0.358, 0.472, 0.61, 0.833, 0.379, 0.236, 0.802, 0.357, 0.323, 1.0, 1.0, 2.97679893395"
"0.0, 0.0, 0.315, 0.86, 0.639, 0.405, 0.679, 0.37, 0.102, 0.303, 0.076, 0.548, 0.76, 0.828, 0.438, 0.7, 0.742, 0.312, 1.0, 1.0, 2.83814943547"
"0.0, 0.0, 0.834, 0.533, 0.515, 0.379, 0.844, 0.579, 0.711, 0.363, 0.528, 0.62, 0.315, 0.27, 0.684, 0.107, 0.106, 0.836, 1.0, 1.0, 3.47631875928"
"0.0, 0.0, 0.183, 0.321, 0.633, 0.845, 0.767, 0.827, 0.437, 0.722, 0.571, 0.703, 0.558, 0.571, 0.503, 0.267, 0.325, 0.214, 1.0, 1.0, 3.24145922087"
"0.0, 0.0, 0.626, 0.653, 0.765, 0.611, 0.369, 0.184, 0.695, 0.364, 0.64, 0.468, 0.161, 0.647, 0.665, 0.425, 0.192, 0.466, 1.0, 1.0, 5.51979467707"
"0.0, 0.0, 0.236, 0.638, 0.675, 0.222, 0.984, 0.288, 0.08, 0.218, 0.039, 0.523, 0.625, 0.832, 0.494, 0.475, 0.832, 0.479, 1.0, 1.0, 1.40445538851"
"0.0, 0.0, 0.854, 0.495, 0.551, 0.355, 0.77, 0.64, 0.685, 0.418, 0.471, 0.668, 0.327, 0.254, 0.667, 0.701, 0.192, 0.574, 1.0, 1.0, 4.31486473466"
"0.0, 0.0, 0.466, 0.939, 0.451, 0.44, 0.688, 0.495, 0.298, 0.587, 0.118, 0.314, 0.908, 0.571, 0.231, 0.636, 0.685, 0.502, 1.0, 1.0, 2.13721987739"
"0.0, 0.0, 0.36, 0.723, 0.21, 0.49, 0.032, 0.704, 0.258, 0.434, 0.647, 0.935, 0.812, 0.164, 0.631, 0.299, 0.628, 0.789, 1.0, 1.0, 1.37555157071"
"0.0, 0.0, 0.374, 0.486, 0.539, 0.152, 0.489, 0.371, 0.749, 0.7, 0.287, 0.805, 0.498, 0.547, 0.324, 0.267, 0.632, 0.503, 1.0, 1.0, 5.66661207423"
"0.0, 0.0, 0.741, 0.317, 0.53, 0.473, 0.237, 0.427, 0.808, 0.81, 0.443, 0.678, 0.239, 0.762, 0.586, 0.728, 0.349, 0.138, 1.0, 1.0, 3.45104861414"
"0.0, 0.0, 0.676, 0.778, 0.254, 0.877, 0.637, 0.179, 0.647, 0.062, 0.468, 0.405, 0.128, 0.777, 0.184, 0.407, 0.056, 0.131, 1.0, 1.0, 3.48146830854"
"0.0, 0.0, 0.333, 0.416, 0.143, 0.516, 0.554, 0.744, 0.3, 0.734, 0.516, 0.514, 0.747, 0.778, 0.563, 0.577, 0.595, 0.542, 1.0, 1.0, 4.44001204300"
"0.0, 0.0, 0.773, 0.748, 0.434, 0.06, 0.972, 0.262, 0.167, 0.584, 0.078, 0.419, 0.705, 0.616, 0.351, 0.518, 0.775, 0.528, 1.0, 1.0, 1.48411769705"
"0.0, 0.0, 0.366, 0.278, 0.025, 0.488, 0.672, 0.617, 0.915, 0.651, 0.861, 0.796, 0.479, 0.851, 0.184, 0.407, 0.053, 0.131, 1.0, 1.0, 1.04852231611"
"0.0, 0.0, 0.769, 0.195, 0.179, 0.386, 0.233, 0.64, 0.653, 0.848, 0.631, 0.811, 0.175, 0.698, 0.486, 0.734, 0.356, 0.172, 1.0, 1.0, 3.71367008841"
"0.0, 0.0, 0.46, 0.655, 0.679, 0.25, 0.928, 0.349, 0.083, 0.217, 0.377, 0.226, 0.793, 0.567, 0.368, 0.414, 0.337, 0.609, 1.0, 1.0, 1.48737310600"
"0.0, 0.0, 0.834, 0.533, 0.515, 0.379, 0.844, 0.579, 0.711, 0.363, 0.529, 0.231, 0.911, 0.466, 0.213, 0.546, 0.697, 0.677, 1.0, 1.0, 4.23263581977"
"0.0, 0.0, 0.431, 0.275, 0.219, 0.495, 0.423, 0.818, 0.932, 0.781, 0.713, 0.912, 0.132, 0.799, 0.184, 0.407, 0.053, 0.131, 1.0, 1.0, 1.9490236107"
"0.0, 0.0, 0.497, 0.39, 0.306, 0.625, 0.485, 0.659, 0.947, 0.716, 0.799, 0.751, 0.425, 0.754, 0.267, 0.511, 0.175, 0.317, 1.0, 1.0, 3.17715859234"
"0.0, 0.0, 0.4, 0.379, 0.453, 0.785, 0.289, 0.471, 0.72, 0.264, 0.676, 0.941, 0.046, 0.787, 0.184, 0.407, 0.053, 0.131, 1.0, 1.0, 2.63214476946"
"0.0, 0.0, 0.305, 0.527, 0.559, 0.126, 0.713, 0.517, 0.777, 0.778, 0.837, 0.607, 0.641, 0.113, 0.755, 0.615, 0.328, 0.892, 1.0, 1.0, 4.58451102567"
"0.0, 0.0, 0.321, 0.27, 0.23, 0.448, 0.429, 0.88, 0.823, 0.861, 0.564, 0.866, 0.059, 0.758, 0.294, 0.318, 0.117, 0.318, 1.0, 1.0, 3.60995114373"
"0.0, 0.0, 0.601, 0.425, 0.847, 0.38, 0.315, 0.097, 0.757, 0.293, 0.826, 0.493, 0.142, 0.553, 0.631, 0.213, 0.139, 0.477, 1.0, 1.0, 3.35062064379"
"0.0, 0.0, 0.164, 0.704, 0.573, 0.289, 0.636, 0.785, 0.357, 0.627, 0.731, 0.454, 0.318, 0.286, 0.474, 0.385, 0.41, 0.514, 1.0, 1.0, 5.12792004242"
"0.0, 0.0, 0.393, 0.456, 0.541, 0.109, 0.574, 0.323, 0.761, 0.712, 0.762, 0.754, 0.598, 0.448, 0.413, 0.469, 0.456, 0.771, 1.0, 1.0, 4.07467431124"
"0.0, 0.0, 0.4, 0.379, 0.453, 0.785, 0.289, 0.471, 0.72, 0.264, 0.57, 0.618, 0.431, 0.826, 0.614, 0.18, 0.603, 0.805, 1.0, 1.0, 5.02128641337"
"0.0, 0.0, 0.096, 0.569, 0.192, 0.527, 0.348, 0.69, 0.244, 0.473, 0.648, 0.327, 0.57, 0.366, 0.469, 0.25, 0.519, 0.634, 1.0, 1.0, 8.12383425694"
"0.0, 0.0, 0.092, 0.509, 0.305, 0.266, 0.369, 0.781, 0.492, 0.441, 0.508, 0.176, 0.325, 0.445, 0.351, 0.488, 0.32, 0.471, 1.0, 1.0, 7.86391078568"
"0.0, 0.0, 0.235, 0.977, 0.38, 0.165, 0.45, 0.747, 0.534, 0.206, 0.363, 0.07, 0.361, 0.572, 0.711, 0.472, 0.378, 0.322, 1.0, 1.0, 2.27766924965"
"0.0, 0.0, 0.064, 0.488, 0.295, 0.594, 0.5, 0.723, 0.277, 0.499, 0.702, 0.365, 0.523, 0.388, 0.43, 0.244, 0.544, 0.58, 1.0, 1.0, 6.22704261633"
"0.0, 0.0, 0.397, 0.603, 0.61, 0.553, 0.763, 0.354, 0.086, 0.492, 0.371, 0.156, 0.673, 0.322, 0.288, 0.337, 0.071, 0.877, 1.0, 1.0, 4.84811913316"
"0.0, 0.0, 0.03, 0.531, 0.188, 0.416, 0.672, 0.617, 0.674, 0.276, 0.375, 0.564, 0.922, 0.261, 0.25, 0.901, 0.433, 0.372, 1.0, 1.0, 1.81298853426"
"0.0, 0.0, 0.263, 0.602, 0.616, 0.274, 0.687, 0.71, 0.327, 0.725, 0.733, 0.459, 0.363, 0.27, 0.471, 0.451, 0.301, 0.571, 1.0, 1.0, 7.10054119016"
"0.0, 0.0, 0.587, 0.442, 0.817, 0.402, 0.328, 0.09, 0.754, 0.321, 0.75, 0.462, 0.151, 0.471, 0.573, 0.225, 0.285, 0.413, 1.0, 1.0, 5.42445608771"
"0.0, 0.0, 0.36, 0.723, 0.21, 0.49, 0.032, 0.704, 0.258, 0.754, 0.316, 0.482, 0.81, 0.391, 0.78, 0.264, 0.393, 0.235, 1.0, 1.0, 3.67605939588"
"0.0, 0.0, 0.164, 0.704, 0.573, 0.289, 0.636, 0.785, 0.357, 0.627, 0.731, 0.454, 0.325, 0.286, 0.474, 0.385, 0.41, 0.514, 1.0, 1.0, 5.14194031016"
"0.0, 0.0, 0.238, 0.475, 0.363, 0.717, 0.345, 0.619, 0.515, 0.32, 0.628, 0.477, 0.464, 0.561, 0.471, 0.205, 0.32, 0.715, 1.0, 1.0, 8.96902775313"
"0.0, 0.0, 0.03, 0.531, 0.188, 0.537, 0.427, 0.687, 0.241, 0.403, 0.732, 0.289, 0.51, 0.391, 0.78, 0.264, 0.267, 0.502, 1.0, 1.0, 4.75713812195"
"0.0, 0.0, 0.173, 0.193, 0.403, 0.314, 0.753, 0.034, 0.248, 0.226, 0.886, 0.247, 0.76, 0.862, 0.461, 0.239, 0.528, 0.81, 1.0, 1.0, 5.59459695832"
"0.0, 0.0, 0.188, 0.414, 0.512, 0.233, 0.73, 0.3, 0.276, 0.461, 0.833, 0.304, 0.507, 0.601, 0.511, 0.205, 0.466, 0.651, 1.0, 1.0, 3.94266945979"
"0.0, 0.0, 0.381, 0.58, 0.603, 0.29, 0.703, 0.696, 0.398, 0.663, 0.68, 0.5, 0.355, 0.266, 0.51, 0.501, 0.279, 0.571, 1.0, 1.0, 8.04100301842"
"0.0, 0.0, 0.458, 0.716, 0.493, 0.137, 0.98, 0.275, 0.142, 0.353, 0.064, 0.448, 0.684, 0.782, 0.458, 0.496, 0.806, 0.493, 1.0, 1.0, 1.22419565665"
"0.0, 0.0, 0.333, 0.416, 0.143, 0.516, 0.554, 0.744, 0.3, 0.734, 0.516, 0.514, 0.747, 0.778, 0.231, 0.636, 0.685, 0.502, 1.0, 1.0, 4.49559667886"
"0.0, 0.0, 0.636, 0.457, 0.79, 0.463, 0.332, 0.182, 0.717, 0.388, 0.751, 0.511, 0.252, 0.481, 0.49, 0.211, 0.34, 0.481, 1.0, 1.0, 5.40176563820"
"0.0, 0.0, 0.242, 0.294, 0.349, 0.74, 0.65, 0.839, 0.643, 0.809, 0.568, 0.786, 0.221, 0.65, 0.354, 0.288, 0.267, 0.25, 1.0, 1.0, 5.27763542908"
"0.0, 0.0, 0.064, 0.488, 0.295, 0.594, 0.5, 0.723, 0.277, 0.499, 0.702, 0.365, 0.523, 0.388, 0.368, 0.414, 0.337, 0.609, 1.0, 1.0, 6.16754928848"
"0.0, 0.0, 0.621, 0.607, 0.781, 0.567, 0.329, 0.263, 0.688, 0.459, 0.644, 0.542, 0.167, 0.654, 0.624, 0.514, 0.232, 0.389, 1.0, 1.0, 5.69442110849"
"0.0, 0.0, 0.723, 0.575, 0.583, 0.279, 0.896, 0.507, 0.423, 0.277, 0.476, 0.229, 0.84, 0.529, 0.313, 0.501, 0.421, 0.661, 1.0, 1.0, 5.77573547444"
"0.0, 0.0, 0.173, 0.193, 0.403, 0.314, 0.753, 0.034, 0.248, 0.226, 0.886, 0.247, 0.76, 0.862, 0.368, 0.414, 0.337, 0.609, 1.0, 1.0, 2.29920669693"
"0.0, 0.0, 0.73, 0.598, 0.539, 0.384, 0.811, 0.537, 0.589, 0.351, 0.438, 0.294, 0.88, 0.538, 0.258, 0.576, 0.706, 0.604, 1.0, 1.0, 5.96453051131"
"0.0, 0.0, 0.52, 0.331, 0.703, 0.44, 0.354, 0.654, 0.819, 0.822, 0.701, 0.858, 0.147, 0.714, 0.391, 0.632, 0.28, 0.099, 1.0, 1.0, 2.18218392493"
"0.0, 0.0, 0.497, 0.39, 0.025, 0.488, 0.672, 0.617, 0.915, 0.651, 0.861, 0.796, 0.479, 0.851, 0.184, 0.407, 0.053, 0.131, 1.0, 1.0, 1.05507688984"
"0.0, 0.0, 0.415, 0.651, 0.678, 0.244, 0.939, 0.336, 0.082, 0.217, 0.309, 0.285, 0.759, 0.62, 0.393, 0.426, 0.436, 0.583, 1.0, 1.0, 1.47808384851"
"0.0, 0.0, 0.152, 0.484, 0.166, 0.522, 0.455, 0.708, 0.278, 0.519, 0.62, 0.432, 0.668, 0.598, 0.725, 0.371, 0.385, 0.524, 1.0, 1.0, 6.38554221062"
"0.0, 0.0, 0.25, 0.352, 0.077, 0.416, 0.672, 0.517, 0.777, 0.778, 0.837, 0.607, 0.641, 0.113, 0.755, 0.615, 0.328, 0.892, 1.0, 1.0, 2.01496563668"
"0.0, 0.0, 0.515, 0.373, 0.606, 0.411, 0.369, 0.338, 0.818, 0.527, 0.785, 0.637, 0.154, 0.642, 0.514, 0.273, 0.217, 0.28, 1.0, 1.0, 4.41187207397"
"0.0, 0.0, 0.462, 0.311, 0.519, 0.459, 0.398, 0.68, 0.842, 0.513, 0.772, 0.819, 0.146, 0.695, 0.305, 0.303, 0.148, 0.226, 1.0, 1.0, 2.75599488988"
"0.0, 0.0, 0.092, 0.509, 0.305, 0.266, 0.369, 0.781, 0.492, 0.441, 0.508, 0.796, 0.479, 0.851, 0.184, 0.407, 0.053, 0.131, 1.0, 1.0, 3.45044312792"
"0.0, 0.0, 0.342, 0.293, 0.035, 0.473, 0.672, 0.617, 0.915, 0.651, 0.861, 0.796, 0.479, 0.851, 0.184, 0.407, 0.053, 0.131, 1.0, 1.0, 1.03817144960"
"0.0, 0.0, 0.116, 0.614, 0.198, 0.526, 0.21, 0.696, 0.251, 0.623, 0.49, 0.389, 0.595, 0.391, 0.78, 0.264, 0.313, 0.37, 1.0, 1.0, 5.52444637203"
"0.0, 0.0, 0.344, 0.51, 0.594, 0.136, 0.365, 0.239, 0.709, 0.601, 0.403, 0.856, 0.64, 0.466, 0.213, 0.546, 0.697, 0.677, 1.0, 1.0, 3.72047661980"
"0.0, 0.0, 0.245, 0.334, 0.567, 0.801, 0.71, 0.793, 0.539, 0.72, 0.616, 0.712, 0.531, 0.607, 0.455, 0.315, 0.295, 0.234, 1.0, 1.0, 5.01783588434"
"0.0, 0.0, 0.506, 0.439, 0.693, 0.205, 0.245, 0.501, 0.718, 0.808, 0.525, 0.83, 0.295, 0.598, 0.403, 0.738, 0.49, 0.178, 1.0, 1.0, 4.96331752981"
"0.0, 0.0, 0.164, 0.704, 0.573, 0.289, 0.636, 0.785, 0.357, 0.627, 0.375, 0.564, 0.922, 0.261, 0.25, 0.901, 0.433, 0.372, 1.0, 1.0, 3.60319571090"
"0.0, 0.0, 0.511, 0.667, 0.533, 0.445, 0.8, 0.318, 0.161, 0.575, 0.319, 0.171, 0.72, 0.35, 0.273, 0.479, 0.196, 0.837, 1.0, 1.0, 4.30861232503"
"0.0, 0.0, 0.708, 0.621, 0.209, 0.226, 0.693, 0.546, 0.393, 0.779, 0.413, 0.386, 0.793, 0.554, 0.471, 0.557, 0.624, 0.647, 1.0, 1.0, 5.37280348700"
"0.0, 0.0, 0.25, 0.352, 0.077, 0.416, 0.672, 0.617, 0.915, 0.651, 0.861, 0.796, 0.479, 0.851, 0.184, 0.407, 0.053, 0.131, 1.0, 1.0, 0.988771693994"
"0.0, 0.0, 0.406, 0.837, 0.598, 0.336, 0.737, 0.348, 0.115, 0.359, 0.076, 0.522, 0.749, 0.785, 0.42, 0.663, 0.748, 0.355, 1.0, 1.0, 3.11591097461"
"0.0, 0.0, 0.283, 0.381, 0.091, 0.474, 0.589, 0.666, 0.486, 0.713, 0.762, 0.7, 0.547, 0.811, 0.26, 0.485, 0.33, 0.358, 1.0, 1.0, 3.29826811640"
"0.0, 0.0, 0.03, 0.531, 0.188, 0.537, 0.427, 0.704, 0.258, 0.754, 0.316, 0.482, 0.81, 0.391, 0.78, 0.264, 0.393, 0.235, 1.0, 1.0, 3.75902931190"
"0.0, 0.0, 0.688, 0.211, 0.148, 0.406, 0.32, 0.635, 0.705, 0.808, 0.677, 0.808, 0.235, 0.728, 0.425, 0.668, 0.295, 0.163, 1.0, 1.0, 4.04754359265"
"0.0, 0.0, 0.31, 0.459, 0.308, 0.306, 0.567, 0.523, 0.87, 0.689, 0.693, 0.801, 0.492, 0.622, 0.243, 0.303, 0.295, 0.357, 1.0, 1.0, 4.81946651409"
"0.0, 0.0, 0.188, 0.414, 0.512, 0.233, 0.73, 0.3, 0.276, 0.461, 0.833, 0.304, 0.507, 0.601, 0.511, 0.205, 0.466, 0.771, 1.0, 1.0, 3.80016329767"
"0.0, 0.0, 0.134, 0.512, 0.355, 0.238, 0.437, 0.728, 0.549, 0.508, 0.573, 0.262, 0.388, 0.378, 0.431, 0.513, 0.321, 0.555, 1.0, 1.0, 9.08173596785"
"0.0, 0.0, 0.521, 0.517, 0.57, 0.374, 0.413, 0.785, 0.354, 0.666, 0.48, 0.548, 0.453, 0.238, 0.612, 0.346, 0.339, 0.592, 1.0, 1.0, 7.90797759009"
"0.0, 0.0, 0.626, 0.653, 0.765, 0.611, 0.369, 0.202, 0.695, 0.364, 0.75, 0.462, 0.151, 0.471, 0.573, 0.225, 0.285, 0.413, 1.0, 1.0, 5.21925913725"
"0.0, 0.0, 0.414, 0.52, 0.557, 0.171, 0.723, 0.541, 0.758, 0.706, 0.763, 0.619, 0.578, 0.141, 0.737, 0.632, 0.3, 0.828, 1.0, 1.0, 6.02271311161"
"0.0, 0.0, 0.791, 0.559, 0.477, 0.72, 0.7, 0.325, 0.651, 0.386, 0.466, 0.615, 0.286, 0.691, 0.651, 0.751, 0.276, 0.532, 1.0, 1.0, 7.15098117434"
"0.0, 0.0, 0.321, 0.379, 0.453, 0.785, 0.289, 0.471, 0.72, 0.264, 0.676, 0.941, 0.046, 0.787, 0.184, 0.407, 0.053, 0.131, 1.0, 1.0, 2.3486463849"
"0.0, 0.0, 0.294, 0.492, 0.462, 0.184, 0.704, 0.537, 0.766, 0.694, 0.764, 0.607, 0.679, 0.166, 0.651, 0.652, 0.333, 0.778, 1.0, 1.0, 5.67912757650"
"0.0, 0.0, 0.297, 0.658, 0.43, 0.383, 0.542, 0.707, 0.284, 0.732, 0.402, 0.466, 0.501, 0.321, 0.672, 0.364, 0.344, 0.373, 1.0, 1.0, 10.4392089745"
"0.0, 0.0, 0.344, 0.51, 0.592, 0.136, 0.365, 0.239, 0.709, 0.601, 0.403, 0.856, 0.64, 0.489, 0.287, 0.205, 0.466, 0.651, 1.0, 1.0, 4.34697860974"
"0.0, 0.0, 0.434, 0.434, 0.612, 0.217, 0.434, 0.244, 0.753, 0.672, 0.422, 0.786, 0.547, 0.586, 0.352, 0.345, 0.5, 0.523, 1.0, 1.0, 6.55229910492"
"0.0, 0.0, 0.432, 0.678, 0.361, 0.495, 0.582, 0.676, 0.298, 0.636, 0.397, 0.442, 0.852, 0.668, 0.463, 0.617, 0.636, 0.521, 1.0, 1.0, 8.02103507266"
"0.0, 0.0, 0.374, 0.486, 0.539, 0.152, 0.489, 0.371, 0.749, 0.7, 0.287, 0.805, 0.498, 0.547, 0.324, 0.546, 0.697, 0.677, 1.0, 1.0, 5.74282913215"
"0.0, 0.0, 0.614, 0.678, 0.208, 0.799, 0.644, 0.266, 0.7, 0.179, 0.546, 0.483, 0.198, 0.791, 0.184, 0.407, 0.055, 0.131, 1.0, 1.0, 5.46852242338"
"0.0, 0.0, 0.264, 0.639, 0.577, 0.17, 0.555, 0.422, 0.593, 0.608, 0.607, 0.703, 0.559, 0.445, 0.372, 0.278, 0.525, 0.53, 1.0, 1.0, 9.07701777821"
"0.0, 0.0, 0.834, 0.533, 0.515, 0.379, 0.844, 0.579, 0.711, 0.363, 0.529, 0.231, 0.911, 0.466, 0.213, 0.546, 0.357, 0.323, 1.0, 1.0, 4.12140368880"
"0.0, 0.0, 0.522, 0.673, 0.63, 0.212, 0.936, 0.339, 0.099, 0.29, 0.317, 0.264, 0.775, 0.576, 0.364, 0.434, 0.424, 0.592, 1.0, 1.0, 1.67540674639"
"0.0, 0.0, 0.631, 0.629, 0.667, 0.698, 0.414, 0.141, 0.649, 0.333, 0.539, 0.483, 0.153, 0.644, 0.606, 0.472, 0.376, 0.415, 1.0, 1.0, 7.20163830967"
"0.0, 0.0, 0.544, 0.505, 0.614, 0.391, 0.396, 0.664, 0.426, 0.61, 0.534, 0.54, 0.412, 0.286, 0.587, 0.319, 0.339, 0.569, 1.0, 1.0, 11.6260288608"
"0.0, 0.0, 0.353, 0.311, 0.505, 0.576, 0.509, 0.739, 0.735, 0.815, 0.645, 0.803, 0.188, 0.683, 0.383, 0.401, 0.273, 0.214, 1.0, 1.0, 4.76131195237"
"0.0, 0.0, 0.245, 0.334, 0.567, 0.801, 0.71, 0.793, 0.539, 0.72, 0.785, 0.637, 0.154, 0.642, 0.514, 0.273, 0.217, 0.28, 1.0, 1.0, 4.11860182372"
"0.0, 0.0, 0.518, 0.501, 0.594, 0.34, 0.379, 0.728, 0.423, 0.694, 0.61, 0.604, 0.421, 0.31, 0.57, 0.424, 0.369, 0.509, 1.0, 1.0, 11.3159646453"
"0.0, 0.0, 0.405, 0.337, 0.408, 0.446, 0.495, 0.655, 0.863, 0.566, 0.835, 0.801, 0.275, 0.802, 0.211, 0.378, 0.121, 0.151, 1.0, 1.0, 2.39770187197"
"0.0, 0.0, 0.188, 0.414, 0.512, 0.233, 0.73, 0.3, 0.276, 0.461, 0.833, 0.304, 0.507, 0.601, 0.511, 0.205, 0.436, 0.583, 1.0, 1.0, 3.88780699568"
"0.0, 0.0, 0.245, 0.549, 0.542, 0.198, 0.594, 0.344, 0.524, 0.531, 0.662, 0.611, 0.599, 0.528, 0.371, 0.305, 0.484, 0.545, 1.0, 1.0, 9.38039659713"
"0.0, 0.0, 0.39, 0.517, 0.575, 0.145, 0.461, 0.407, 0.73, 0.623, 0.657, 0.735, 0.59, 0.216, 0.512, 0.3, 0.346, 0.691, 1.0, 1.0, 5.65807735213"
"0.0, 0.0, 0.31, 0.459, 0.308, 0.306, 0.567, 0.523, 0.87, 0.689, 0.693, 0.801, 0.492, 0.622, 0.243, 0.303, 0.295, 0.131, 1.0, 1.0, 2.42539122065"
"0.0, 0.0, 0.748, 0.593, 0.531, 0.37, 0.822, 0.532, 0.591, 0.362, 0.438, 0.289, 0.878, 0.529, 0.254, 0.569, 0.435, 0.329, 1.0, 1.0, 5.97045569207"
"0.0, 0.0, 0.284, 0.429, 0.178, 0.364, 0.646, 0.59, 0.899, 0.664, 0.766, 0.798, 0.483, 0.703, 0.22, 0.277, 0.142, 0.253, 1.0, 1.0, 2.04903425573"
"0.0, 0.0, 0.381, 0.621, 0.209, 0.226, 0.693, 0.546, 0.393, 0.779, 0.413, 0.386, 0.793, 0.554, 0.471, 0.557, 0.624, 0.647, 1.0, 1.0, 5.09787444594"
"0.0, 0.0, 0.419, 0.319, 0.43, 0.45, 0.452, 0.667, 0.856, 0.543, 0.789, 0.814, 0.212, 0.726, 0.28, 0.323, 0.129, 0.207, 1.0, 1.0, 2.64411619952"
"0.0, 0.0, 0.423, 0.402, 0.479, 0.381, 0.523, 0.615, 0.85, 0.784, 0.697, 0.819, 0.247, 0.676, 0.33, 0.389, 0.287, 0.269, 1.0, 1.0, 5.77877888981"
"0.0, 0.0, 0.31, 0.459, 0.308, 0.306, 0.567, 0.523, 0.87, 0.689, 0.693, 0.805, 0.492, 0.622, 0.243, 0.303, 0.295, 0.131, 1.0, 1.0, 2.42155891537"
"0.0, 0.0, 0.154, 0.583, 0.22, 0.482, 0.281, 0.661, 0.374, 0.636, 0.53, 0.472, 0.574, 0.437, 0.672, 0.271, 0.309, 0.367, 1.0, 1.0, 9.16344395806"
"0.0, 0.0, 0.432, 0.661, 0.601, 0.192, 0.697, 0.392, 0.258, 0.516, 0.463, 0.605, 0.709, 0.527, 0.366, 0.374, 0.487, 0.564, 1.0, 1.0, 7.60274614659"
"0.0, 0.0, 0.064, 0.488, 0.295, 0.594, 0.5, 0.723, 0.777, 0.778, 0.837, 0.607, 0.641, 0.113, 0.755, 0.615, 0.328, 0.892, 1.0, 1.0, 2.84922881299"
"0.0, 0.0, 0.242, 0.586, 0.508, 0.213, 0.78, 0.295, 0.249, 0.439, 0.679, 0.332, 0.542, 0.637, 0.5, 0.263, 0.534, 0.715, 1.0, 1.0, 5.90642284877"
"0.0, 0.0, 0.527, 0.319, 0.311, 0.58, 0.307, 0.574, 0.71, 0.477, 0.676, 0.888, 0.094, 0.742, 0.269, 0.574, 0.213, 0.156, 1.0, 1.0, 2.38133606858"
"0.0, 0.0, 0.462, 0.311, 0.519, 0.459, 0.398, 0.68, 0.842, 0.513, 0.772, 0.819, 0.146, 0.851, 0.184, 0.407, 0.053, 0.131, 1.0, 1.0, 3.76905361419"
"0.0, 0.0, 0.659, 0.627, 0.586, 0.29, 0.864, 0.475, 0.361, 0.293, 0.396, 0.287, 0.821, 0.58, 0.334, 0.533, 0.486, 0.599, 1.0, 1.0, 7.22047371391"
"0.0, 0.0, 0.374, 0.298, 0.369, 0.424, 0.644, 0.494, 0.27, 0.439, 0.646, 0.308, 0.806, 0.724, 0.401, 0.515, 0.475, 0.541, 1.0, 1.0, 6.79927589555"
"0.0, 0.0, 0.25, 0.352, 0.073, 0.416, 0.672, 0.617, 0.915, 0.651, 0.861, 0.796, 0.479, 0.851, 0.184, 0.407, 0.053, 0.131, 1.0, 1.0, 0.983915838926"
"0.0, 0.0, 0.614, 0.244, 0.209, 0.481, 0.313, 0.602, 0.708, 0.699, 0.676, 0.834, 0.197, 0.739, 0.376, 0.615, 0.246, 0.156, 1.0, 1.0, 3.54224543092"
"0.0, 0.0, 0.382, 0.733, 0.596, 0.244, 0.525, 0.291, 0.54, 0.422, 0.151, 0.672, 0.72, 0.542, 0.347, 0.623, 0.725, 0.478, 1.0, 1.0, 5.80986158172"
"0.0, 0.0, 0.092, 0.509, 0.305, 0.266, 0.369, 0.781, 0.492, 0.754, 0.316, 0.482, 0.81, 0.391, 0.78, 0.264, 0.393, 0.235, 1.0, 1.0, 3.83500996316"
"0.0, 0.0, 0.616, 0.619, 0.872, 0.365, 0.776, 0.586, 0.542, 0.406, 0.425, 0.348, 0.888, 0.482, 0.256, 0.637, 0.651, 0.557, 1.0, 1.0, 6.00874211141"
"0.0, 0.0, 0.329, 0.326, 0.267, 0.59, 0.567, 0.535, 0.763, 0.349, 0.729, 0.865, 0.184, 0.817, 0.184, 0.407, 0.053, 0.131, 1.0, 1.0, 3.44176194579"
"0.0, 0.0, 0.497, 0.39, 0.025, 0.488, 0.672, 0.617, 0.915, 0.651, 0.861, 0.853, 0.479, 0.851, 0.184, 0.407, 0.053, 0.131, 1.0, 1.0, 0.990812870064"
"0.0, 0.0, 0.351, 0.441, 0.367, 0.327, 0.527, 0.486, 0.859, 0.656, 0.711, 0.768, 0.424, 0.626, 0.297, 0.297, 0.279, 0.341, 1.0, 1.0, 5.66166396001"
"0.0, 0.0, 0.562, 0.622, 0.596, 0.293, 0.886, 0.436, 0.225, 0.29, 0.387, 0.289, 0.804, 0.574, 0.346, 0.542, 0.508, 0.594, 1.0, 1.0, 4.36153889713"
"0.0, 0.0, 0.374, 0.486, 0.539, 0.152, 0.489, 0.371, 0.749, 0.7, 0.287, 0.805, 0.498, 0.547, 0.606, 0.472, 0.376, 0.415, 1.0, 1.0, 6.09063854886"
"0.0, 0.0, 0.565, 0.598, 0.702, 0.645, 0.353, 0.255, 0.7, 0.344, 0.735, 0.557, 0.13, 0.534, 0.495, 0.261, 0.238, 0.356, 1.0, 1.0, 6.35858249397"
"0.0, 0.0, 0.379, 0.501, 0.507, 0.175, 0.714, 0.538, 0.76, 0.7, 0.763, 0.609, 0.638, 0.155, 0.686, 0.643, 0.315, 0.789, 1.0, 1.0, 6.59537561060"
"0.0, 0.0, 0.283, 0.368, 0.091, 0.474, 0.589, 0.666, 0.486, 0.713, 0.758, 0.7, 0.547, 0.811, 0.26, 0.485, 0.33, 0.131, 1.0, 1.0, 3.29002624879"
"0.0, 0.0, 0.266, 0.469, 0.307, 0.298, 0.527, 0.574, 0.794, 0.639, 0.656, 0.8, 0.489, 0.667, 0.231, 0.323, 0.246, 0.311, 1.0, 1.0, 4.84167018834"
"0.0, 0.0, 0.327, 0.352, 0.284, 0.574, 0.366, 0.571, 0.844, 0.544, 0.801, 0.907, 0.199, 0.821, 0.184, 0.407, 0.053, 0.131, 1.0, 1.0, 2.40261892541"
"0.0, 0.0, 0.242, 0.294, 0.349, 0.74, 0.65, 0.839, 0.643, 0.809, 0.564, 0.796, 0.479, 0.851, 0.184, 0.407, 0.053, 0.131, 1.0, 1.0, 3.89455387768"
"0.0, 0.0, 0.515, 0.342, 0.567, 0.401, 0.417, 0.646, 0.838, 0.787, 0.733, 0.845, 0.213, 0.741, 0.349, 0.587, 0.234, 0.105, 1.0, 1.0, 2.82841881937"
"0.0, 0.0, 0.566, 0.501, 0.686, 0.442, 0.35, 0.584, 0.566, 0.587, 0.552, 0.529, 0.349, 0.295, 0.516, 0.307, 0.339, 0.546, 1.0, 1.0, 10.6004044149"
"0.0, 0.0, 0.245, 0.334, 0.567, 0.801, 0.672, 0.617, 0.915, 0.651, 0.861, 0.796, 0.479, 0.851, 0.184, 0.407, 0.052, 0.131, 1.0, 1.0, 1.77799869460"
"0.0, 0.0, 0.419, 0.319, 0.43, 0.45, 0.452, 0.667, 0.856, 0.54, 0.789, 0.814, 0.212, 0.726, 0.28, 0.323, 0.129, 0.207, 1.0, 1.0, 2.64095901305"
"0.0, 0.0, 0.417, 0.488, 0.605, 0.257, 0.512, 0.487, 0.625, 0.669, 0.504, 0.583, 0.445, 0.337, 0.434, 0.416, 0.378, 0.553, 1.0, 1.0, 11.8676015697"
"0.0, 0.0, 0.092, 0.509, 0.305, 0.266, 0.369, 0.781, 0.492, 0.441, 0.508, 0.796, 0.479, 0.851, 0.178, 0.407, 0.053, 0.131, 1.0, 1.0, 3.45008670672"
"0.0, 0.0, 0.618, 0.227, 0.125, 0.419, 0.39, 0.631, 0.747, 0.776, 0.713, 0.805, 0.283, 0.752, 0.376, 0.615, 0.246, 0.156, 1.0, 1.0, 3.40589077456"
"0.0, 0.0, 0.559, 0.296, 0.376, 0.409, 0.351, 0.567, 0.748, 0.693, 0.705, 0.703, 0.18, 0.701, 0.452, 0.567, 0.237, 0.241, 1.0, 1.0, 6.07213197763"
"0.0, 0.0, 0.164, 0.704, 0.573, 0.289, 0.636, 0.785, 0.357, 0.627, 0.375, 0.564, 0.747, 0.778, 0.231, 0.636, 0.685, 0.502, 1.0, 1.0, 5.06325773102"
"0.0, 0.0, 0.777, 0.562, 0.498, 0.631, 0.739, 0.361, 0.605, 0.364, 0.468, 0.537, 0.396, 0.658, 0.583, 0.701, 0.305, 0.557, 1.0, 1.0, 8.72572766696"
"0.0, 0.0, 0.331, 0.483, 0.525, 0.262, 0.566, 0.496, 0.3, 0.615, 0.585, 0.489, 0.47, 0.331, 0.552, 0.239, 0.372, 0.71, 1.0, 1.0, 10.1156144585"
"0.0, 0.0, 0.708, 0.581, 0.518, 0.543, 0.73, 0.367, 0.535, 0.394, 0.467, 0.55, 0.458, 0.631, 0.539, 0.635, 0.341, 0.558, 1.0, 1.0, 11.3696447850"
"0.0, 0.0, 0.344, 0.377, 0.06, 0.481, 0.619, 0.639, 0.634, 0.674, 0.785, 0.78, 0.502, 0.832, 0.2, 0.439, 0.13, 0.131, 1.0, 1.0, 2.68883176230"
"0.0, 0.0, 0.331, 0.483, 0.525, 0.594, 0.5, 0.723, 0.777, 0.778, 0.837, 0.607, 0.641, 0.113, 0.755, 0.615, 0.328, 0.892, 1.0, 1.0, 4.88472355150"
"0.0, 0.0, 0.276, 0.365, 0.088, 0.462, 0.605, 0.656, 0.571, 0.7, 0.778, 0.719, 0.533, 0.819, 0.244, 0.469, 0.274, 0.136, 1.0, 1.0, 2.91960186478"
"0.0, 0.0, 0.39, 0.328, 0.467, 0.521, 0.502, 0.708, 0.804, 0.628, 0.734, 0.802, 0.211, 0.755, 0.26, 0.392, 0.193, 0.171, 1.0, 1.0, 3.55026256208"
"0.0, 0.0, 0.283, 0.37, 0.091, 0.474, 0.589, 0.666, 0.486, 0.713, 0.758, 0.7, 0.547, 0.811, 0.26, 0.485, 0.33, 0.131, 1.0, 1.0, 3.29071246543"
"0.0, 0.0, 0.517, 0.299, 0.401, 0.442, 0.382, 0.601, 0.745, 0.717, 0.693, 0.723, 0.181, 0.697, 0.438, 0.533, 0.244, 0.235, 1.0, 1.0, 6.26484871357"
"0.0, 0.0, 0.275, 0.363, 0.085, 0.439, 0.626, 0.629, 0.575, 0.686, 0.834, 0.731, 0.521, 0.825, 0.206, 0.45, 0.224, 0.131, 1.0, 1.0, 2.31727254390"
"0.0, 0.0, 0.374, 0.298, 0.369, 0.424, 0.644, 0.494, 0.27, 0.439, 0.646, 0.308, 0.806, 0.724, 0.401, 0.515, 0.475, 0.502, 1.0, 1.0, 6.82943472569"
"0.0, 0.0, 0.27, 0.615, 0.525, 0.219, 0.729, 0.294, 0.307, 0.435, 0.573, 0.4, 0.577, 0.618, 0.469, 0.335, 0.572, 0.667, 1.0, 1.0, 7.57950741382"
"0.0, 0.0, 0.545, 0.268, 0.35, 0.461, 0.363, 0.648, 0.75, 0.634, 0.71, 0.819, 0.207, 0.728, 0.313, 0.428, 0.167, 0.172, 1.0, 1.0, 3.56007123106"
"0.0, 0.0, 0.245, 0.486, 0.539, 0.152, 0.489, 0.371, 0.749, 0.7, 0.287, 0.805, 0.498, 0.547, 0.606, 0.472, 0.376, 0.415, 1.0, 1.0, 4.74069095607"
"0.0, 0.0, 0.366, 0.312, 0.49, 0.55, 0.497, 0.724, 0.759, 0.76, 0.673, 0.805, 0.192, 0.691, 0.362, 0.385, 0.244, 0.212, 1.0, 1.0, 4.57671505098"
"0.0, 0.0, 0.35, 0.34, 0.567, 0.577, 0.528, 0.735, 0.72, 0.743, 0.753, 0.742, 0.17, 0.709, 0.411, 0.252, 0.226, 0.175, 1.0, 1.0, 4.47541803729"
"0.0, 0.0, 0.25, 0.35, 0.077, 0.327, 0.527, 0.486, 0.859, 0.656, 0.711, 0.768, 0.424, 0.626, 0.297, 0.297, 0.279, 0.341, 1.0, 1.0, 2.22207840560"
"0.0, 0.0, 0.65, 0.625, 0.643, 0.305, 0.846, 0.497, 0.397, 0.315, 0.401, 0.299, 0.834, 0.56, 0.318, 0.553, 0.519, 0.201, 1.0, 1.0, 5.47644604192"
"0.0, 0.0, 0.615, 0.238, 0.167, 0.459, 0.363, 0.613, 0.718, 0.728, 0.688, 0.824, 0.221, 0.744, 0.376, 0.615, 0.246, 0.156, 1.0, 1.0, 3.54059903484"
"0.0, 0.0, 0.329, 0.326, 0.267, 0.59, 0.567, 0.535, 0.763, 0.349, 0.729, 0.865, 0.02, 0.817, 0.184, 0.407, 0.052, 0.131, 1.0, 1.0, 2.64063530999"
"0.0, 0.0, 0.434, 0.333, 0.349, 0.457, 0.496, 0.657, 0.867, 0.564, 0.803, 0.821, 0.265, 0.751, 0.26, 0.337, 0.113, 0.191, 1.0, 1.0, 2.50044248705"
"0.0, 0.0, 0.275, 0.395, 0.121, 0.385, 0.659, 0.609, 0.902, 0.657, 0.842, 0.797, 0.482, 0.78, 0.202, 0.358, 0.108, 0.206, 1.0, 1.0, 1.47395274050"
"0.0, 0.0, 0.405, 0.337, 0.408, 0.446, 0.495, 0.655, 0.863, 0.566, 0.766, 0.798, 0.483, 0.703, 0.22, 0.277, 0.142, 0.253, 1.0, 1.0, 2.48601724546"
"0.0, 0.0, 0.246, 0.337, 0.468, 0.724, 0.672, 0.617, 0.915, 0.651, 0.861, 0.796, 0.479, 0.851, 0.184, 0.407, 0.052, 0.131, 1.0, 1.0, 1.82048028171"
"0.0, 0.0, 0.348, 0.386, 0.384, 0.404, 0.505, 0.601, 0.859, 0.634, 0.738, 0.805, 0.346, 0.694, 0.262, 0.307, 0.198, 0.178, 1.0, 1.0, 3.0609428576"
"0.0, 0.0, 0.351, 0.441, 0.367, 0.327, 0.527, 0.486, 0.859, 0.656, 0.711, 0.768, 0.424, 0.626, 0.297, 0.297, 0.053, 0.131, 1.0, 1.0, 2.62346708693"
"0.0, 0.0, 0.304, 0.453, 0.282, 0.317, 0.582, 0.536, 0.875, 0.684, 0.707, 0.8, 0.49, 0.638, 0.238, 0.297, 0.264, 0.155, 1.0, 1.0, 2.70269920403"
"0.0, 0.0, 0.289, 0.347, 0.156, 0.437, 0.539, 0.633, 0.891, 0.593, 0.853, 0.799, 0.422, 0.818, 0.201, 0.395, 0.101, 0.136, 1.0, 1.0, 1.82443288842"
"0.0, 0.0, 0.283, 0.368, 0.091, 0.474, 0.589, 0.666, 0.486, 0.713, 0.758, 0.801, 0.492, 0.622, 0.243, 0.303, 0.295, 0.131, 1.0, 1.0, 3.78123262542"
"0.0, 0.0, 0.4, 0.325, 0.4, 0.474, 0.434, 0.647, 0.853, 0.54, 0.791, 0.832, 0.209, 0.745, 0.26, 0.339, 0.113, 0.191, 1.0, 1.0, 2.58073605684"
"0.0, 0.0, 0.302, 0.322, 0.508, 0.526, 0.559, 0.651, 0.879, 0.625, 0.842, 0.806, 0.342, 0.778, 0.207, 0.374, 0.084, 0.183, 1.0, 1.0, 1.88038219355"
"0.0, 0.0, 0.351, 0.441, 0.367, 0.327, 0.527, 0.486, 0.859, 0.656, 0.711, 0.805, 0.498, 0.547, 0.606, 0.472, 0.376, 0.415, 1.0, 1.0, 8.13392803228"
"0.0, 0.0, 0.596, 0.259, 0.229, 0.5, 0.311, 0.596, 0.708, 0.654, 0.676, 0.844, 0.176, 0.739, 0.354, 0.606, 0.239, 0.156, 1.0, 1.0, 3.40915864340"
"0.0, 0.0, 0.269, 0.373, 0.111, 0.384, 0.661, 0.608, 0.909, 0.653, 0.819, 0.797, 0.481, 0.775, 0.206, 0.307, 0.107, 0.206, 1.0, 1.0, 1.40007885862"
"0.0, 0.0, 0.284, 0.429, 0.178, 0.364, 0.646, 0.59, 0.899, 0.664, 0.766, 0.798, 0.483, 0.703, 0.22, 0.277, 0.053, 0.131, 1.0, 1.0, 1.50831535144"
"0.0, 0.0, 0.676, 0.62, 0.575, 0.306, 0.855, 0.486, 0.407, 0.306, 0.406, 0.287, 0.832, 0.569, 0.318, 0.54, 0.475, 0.545, 1.0, 1.0, 6.91586485197"
"0.0, 0.0, 0.416, 0.308, 0.238, 0.552, 0.341, 0.588, 0.768, 0.593, 0.762, 0.881, 0.198, 0.762, 0.328, 0.489, 0.118, 0.136, 1.0, 1.0, 2.34512628327"
"0.0, 0.0, 0.382, 0.733, 0.601, 0.192, 0.697, 0.392, 0.258, 0.516, 0.463, 0.605, 0.709, 0.527, 0.366, 0.374, 0.487, 0.564, 1.0, 1.0, 6.86330216280"
"0.0, 0.0, 0.57, 0.282, 0.325, 0.411, 0.358, 0.579, 0.747, 0.709, 0.706, 0.723, 0.2, 0.711, 0.436, 0.576, 0.238, 0.224, 1.0, 1.0, 5.85534131125"
"0.0, 0.0, 0.611, 0.641, 0.548, 0.338, 0.738, 0.455, 0.553, 0.375, 0.229, 0.546, 0.832, 0.535, 0.306, 0.59, 0.521, 0.364, 1.0, 1.0, 5.69422488164"
"0.0, 0.0, 0.405, 0.337, 0.505, 0.576, 0.509, 0.739, 0.735, 0.815, 0.675, 0.803, 0.188, 0.683, 0.383, 0.401, 0.273, 0.214, 1.0, 1.0, 4.69691147999"
"0.0, 0.0, 0.416, 0.425, 0.498, 0.333, 0.51, 0.573, 0.826, 0.751, 0.689, 0.802, 0.315, 0.584, 0.366, 0.371, 0.298, 0.353, 1.0, 1.0, 7.03475623418"
"0.0, 0.0, 0.204, 0.608, 0.557, 0.236, 0.626, 0.513, 0.473, 0.556, 0.525, 0.585, 0.685, 0.597, 0.285, 0.387, 0.639, 0.525, 1.0, 1.0, 8.95062640961"
"0.0, 0.0, 0.245, 0.549, 0.542, 0.198, 0.594, 0.344, 0.524, 0.531, 0.679, 0.332, 0.542, 0.637, 0.5, 0.263, 0.534, 0.715, 1.0, 1.0, 7.58805558139"
"0.0, 0.0, 0.277, 0.413, 0.157, 0.374, 0.651, 0.595, 0.902, 0.664, 0.785, 0.797, 0.482, 0.732, 0.212, 0.303, 0.124, 0.228, 1.0, 1.0, 1.81691597546"
"0.0, 0.0, 0.298, 0.371, 0.25, 0.531, 0.43, 0.576, 0.88, 0.568, 0.782, 0.831, 0.314, 0.745, 0.203, 0.308, 0.119, 0.212, 1.0, 1.0, 2.19141249721"
"0.0, 0.0, 0.351, 0.441, 0.367, 0.327, 0.527, 0.486, 0.859, 0.656, 0.711, 0.768, 0.424, 0.628, 0.297, 0.297, 0.484, 0.545, 1.0, 1.0, 6.26655800633"
"0.0, 0.0, 0.296, 0.439, 0.331, 0.328, 0.512, 0.592, 0.806, 0.619, 0.682, 0.802, 0.433, 0.678, 0.24, 0.323, 0.222, 0.29, 1.0, 1.0, 4.69189093288"
"0.0, 0.0, 0.315, 0.351, 0.225, 0.468, 0.614, 0.548, 0.795, 0.418, 0.743, 0.836, 0.378, 0.788, 0.208, 0.358, 0.114, 0.222, 1.0, 1.0, 3.53914859401"
"0.0, 0.0, 0.351, 0.441, 0.367, 0.327, 0.527, 0.486, 0.859, 0.656, 0.711, 0.768, 0.424, 0.626, 0.297, 0.297, 0.142, 0.253, 1.0, 1.0, 2.54650760080"
"0.0, 0.0, 0.298, 0.437, 0.261, 0.328, 0.588, 0.541, 0.879, 0.681, 0.726, 0.8, 0.489, 0.667, 0.231, 0.323, 0.246, 0.131, 1.0, 1.0, 2.30124934214"
"0.0, 0.0, 0.262, 0.4, 0.516, 0.329, 0.64, 0.582, 0.325, 0.518, 0.527, 0.435, 0.768, 0.747, 0.278, 0.585, 0.607, 0.525, 1.0, 1.0, 7.03682637172"
"0.0, 0.0, 0.329, 0.376, 0.07, 0.461, 0.627, 0.632, 0.689, 0.669, 0.791, 0.783, 0.497, 0.82, 0.201, 0.412, 0.125, 0.146, 1.0, 1.0, 2.83725336641"
"0.0, 0.0, 0.273, 0.396, 0.188, 0.35, 0.606, 0.585, 0.896, 0.665, 0.794, 0.799, 0.483, 0.778, 0.215, 0.364, 0.189, 0.131, 1.0, 1.0, 1.9746576327"
"0.0, 0.0, 0.366, 0.312, 0.49, 0.55, 0.497, 0.724, 0.759, 0.76, 0.673, 0.805, 0.192, 0.728, 0.313, 0.428, 0.167, 0.172, 1.0, 1.0, 3.81509709209"
"0.0, 0.0, 0.23, 0.362, 0.235, 0.497, 0.473, 0.578, 0.883, 0.587, 0.778, 0.824, 0.347, 0.736, 0.206, 0.301, 0.105, 0.195, 1.0, 1.0, 2.05502835381"
"0.0, 0.0, 0.458, 0.319, 0.364, 0.446, 0.456, 0.64, 0.791, 0.596, 0.755, 0.787, 0.232, 0.722, 0.336, 0.473, 0.217, 0.203, 1.0, 1.0, 4.08821947977"
"0.0, 0.0, 0.329, 0.326, 0.238, 0.552, 0.341, 0.588, 0.768, 0.593, 0.762, 0.884, 0.198, 0.762, 0.328, 0.489, 0.118, 0.136, 1.0, 1.0, 2.36082494227"
"0.0, 0.0, 0.27, 0.386, 0.111, 0.391, 0.661, 0.61, 0.904, 0.655, 0.845, 0.796, 0.481, 0.794, 0.198, 0.367, 0.097, 0.191, 1.0, 1.0, 1.30473765402"
"0.0, 0.0, 0.247, 0.447, 0.29, 0.281, 0.511, 0.417, 0.821, 0.684, 0.564, 0.783, 0.473, 0.572, 0.473, 0.404, 0.346, 0.373, 1.0, 1.0, 5.37057442219"
"0.0, 0.0, 0.269, 0.373, 0.111, 0.384, 0.661, 0.608, 0.909, 0.653, 0.819, 0.797, 0.481, 0.775, 0.206, 0.307, 0.053, 0.131, 1.0, 1.0, 1.15778379856"
"0.0, 0.0, 0.33, 0.38, 0.072, 0.461, 0.627, 0.633, 0.687, 0.67, 0.796, 0.783, 0.498, 0.821, 0.2, 0.422, 0.125, 0.146, 1.0, 1.0, 2.77174195571"
"0.0, 0.0, 0.298, 0.35, 0.187, 0.37, 0.584, 0.522, 0.845, 0.59, 0.725, 0.817, 0.393, 0.744, 0.231, 0.339, 0.187, 0.259, 1.0, 1.0, 3.28411666333"
"0.0, 0.0, 0.405, 0.179, 0.408, 0.446, 0.495, 0.655, 0.863, 0.566, 0.766, 0.798, 0.483, 0.703, 0.22, 0.277, 0.142, 0.253, 1.0, 1.0, 2.28652979319"
"0.0, 0.0, 0.41, 0.477, 0.422, 0.322, 0.59, 0.488, 0.766, 0.587, 0.649, 0.674, 0.506, 0.614, 0.301, 0.348, 0.491, 0.476, 1.0, 1.0, 7.91027402866"
"0.0, 0.0, 0.323, 0.362, 0.335, 0.524, 0.452, 0.629, 0.861, 0.611, 0.772, 0.821, 0.288, 0.751, 0.222, 0.347, 0.156, 0.182, 1.0, 1.0, 2.55815196215"
"0.0, 0.0, 0.315, 0.351, 0.225, 0.468, 0.614, 0.548, 0.795, 0.418, 0.743, 0.836, 0.378, 0.628, 0.297, 0.299, 0.484, 0.545, 1.0, 1.0, 5.13836497285"
"0.0, 0.0, 0.301, 0.348, 0.273, 0.519, 0.625, 0.561, 0.819, 0.464, 0.766, 0.828, 0.398, 0.8, 0.203, 0.367, 0.101, 0.203, 1.0, 1.0, 3.21100618019"
"0.0, 0.0, 0.261, 0.341, 0.226, 0.665, 0.598, 0.624, 0.902, 0.612, 0.858, 0.797, 0.434, 0.837, 0.196, 0.398, 0.08, 0.133, 1.0, 1.0, 1.83625262871"
"0.0, 0.0, 0.348, 0.386, 0.384, 0.404, 0.505, 0.647, 0.853, 0.54, 0.791, 0.832, 0.209, 0.745, 0.26, 0.339, 0.113, 0.191, 1.0, 1.0, 2.74998298196"
"0.0, 0.0, 0.27, 0.387, 0.112, 0.391, 0.661, 0.61, 0.904, 0.655, 0.845, 0.796, 0.481, 0.794, 0.198, 0.367, 0.097, 0.191, 1.0, 1.0, 1.30910757235"
"0.0, 0.0, 0.267, 0.381, 0.105, 0.37, 0.576, 0.561, 0.872, 0.656, 0.755, 0.784, 0.437, 0.717, 0.231, 0.33, 0.17, 0.235, 1.0, 1.0, 1.90101602256"
"0.0, 0.0, 0.277, 0.413, 0.157, 0.384, 0.661, 0.608, 0.909, 0.653, 0.819, 0.797, 0.481, 0.775, 0.206, 0.307, 0.107, 0.206, 1.0, 1.0, 1.62435996086"
"0.0, 0.0, 0.306, 0.428, 0.341, 0.343, 0.508, 0.593, 0.816, 0.622, 0.693, 0.802, 0.415, 0.681, 0.244, 0.319, 0.217, 0.267, 1.0, 1.0, 4.40393229081"
"0.0, 0.0, 0.332, 0.337, 0.425, 0.663, 0.578, 0.636, 0.88, 0.631, 0.787, 0.797, 0.48, 0.775, 0.194, 0.346, 0.094, 0.183, 1.0, 1.0, 2.11649477508"
"0.0, 0.0, 0.296, 0.439, 0.331, 0.328, 0.512, 0.592, 0.806, 0.619, 0.682, 0.802, 0.433, 0.678, 0.24, 0.323, 0.142, 0.253, 1.0, 1.0, 3.30423052584"
"0.0, 0.0, 0.27, 0.36, 0.082, 0.431, 0.635, 0.626, 0.643, 0.679, 0.839, 0.744, 0.512, 0.83, 0.201, 0.441, 0.189, 0.131, 1.0, 1.0, 2.24730073085"
"0.0, 0.0, 0.284, 0.374, 0.156, 0.401, 0.599, 0.624, 0.894, 0.637, 0.806, 0.798, 0.455, 0.778, 0.203, 0.374, 0.115, 0.172, 1.0, 1.0, 1.75806259547"
"0.0, 0.0, 0.269, 0.373, 0.111, 0.384, 0.661, 0.608, 0.909, 0.653, 0.819, 0.797, 0.479, 0.851, 0.184, 0.407, 0.053, 0.131, 1.0, 1.0, 1.19879464730"
"0.0, 0.0, 0.273, 0.39, 0.119, 0.384, 0.659, 0.608, 0.903, 0.656, 0.837, 0.797, 0.481, 0.779, 0.202, 0.347, 0.107, 0.206, 1.0, 1.0, 1.45294253061"
"0.0, 0.0, 0.279, 0.418, 0.167, 0.37, 0.648, 0.592, 0.9, 0.664, 0.772, 0.797, 0.482, 0.712, 0.216, 0.282, 0.088, 0.153, 1.0, 1.0, 1.52204230366"
"0.0, 0.0, 0.304, 0.453, 0.282, 0.317, 0.527, 0.486, 0.859, 0.656, 0.711, 0.768, 0.424, 0.626, 0.297, 0.297, 0.279, 0.341, 1.0, 1.0, 5.57908722344"
"0.0, 0.0, 0.281, 0.367, 0.089, 0.467, 0.596, 0.658, 0.503, 0.707, 0.773, 0.787, 0.48, 0.662, 0.235, 0.332, 0.28, 0.131, 1.0, 1.0, 3.50991254753"
"0.0, 0.0, 0.25, 0.354, 0.074, 0.416, 0.672, 0.617, 0.915, 0.651, 0.861, 0.796, 0.479, 0.851, 0.184, 0.407, 0.053, 0.131, 1.0, 1.0, 0.984592482449"
"0.0, 0.0, 0.269, 0.373, 0.111, 0.384, 0.661, 0.608, 0.909, 0.7, 0.778, 0.719, 0.533, 0.819, 0.244, 0.469, 0.274, 0.136, 1.0, 1.0, 1.59802203903"
"0.0, 0.0, 0.265, 0.369, 0.104, 0.39, 0.663, 0.609, 0.91, 0.652, 0.827, 0.796, 0.48, 0.79, 0.201, 0.329, 0.096, 0.191, 1.0, 1.0, 1.26655701134"
"0.0, 0.0, 0.496, 0.284, 0.244, 0.516, 0.381, 0.583, 0.753, 0.607, 0.749, 0.836, 0.237, 0.743, 0.307, 0.531, 0.207, 0.183, 1.0, 1.0, 3.67941877467"
"0.0, 0.0, 0.25, 0.355, 0.077, 0.416, 0.672, 0.617, 0.915, 0.651, 0.861, 0.796, 0.479, 0.851, 0.22, 0.277, 0.053, 0.131, 1.0, 1.0, 0.973407629617"
"0.0, 0.0, 0.324, 0.429, 0.307, 0.342, 0.564, 0.559, 0.872, 0.66, 0.718, 0.799, 0.488, 0.651, 0.234, 0.293, 0.239, 0.174, 1.0, 1.0, 2.89092159538"
"0.0, 0.0, 0.276, 0.394, 0.149, 0.341, 0.611, 0.563, 0.899, 0.658, 0.794, 0.799, 0.486, 0.716, 0.213, 0.313, 0.192, 0.173, 1.0, 1.0, 1.92872668825"
"0.0, 0.0, 0.4, 0.325, 0.367, 0.327, 0.527, 0.486, 0.859, 0.656, 0.711, 0.768, 0.424, 0.626, 0.297, 0.297, 0.053, 0.131, 1.0, 1.0, 2.73280980848"
"0.0, 0.0, 0.272, 0.585, 0.553, 0.196, 0.614, 0.353, 0.47, 0.528, 0.635, 0.386, 0.575, 0.615, 0.473, 0.285, 0.524, 0.684, 1.0, 1.0, 9.30087077923"
"0.0, 0.0, 0.384, 0.34, 0.205, 0.449, 0.517, 0.64, 0.881, 0.586, 0.837, 0.811, 0.36, 0.788, 0.232, 0.37, 0.104, 0.151, 1.0, 1.0, 2.22602337292"
"0.0, 0.0, 0.296, 0.439, 0.354, 0.327, 0.527, 0.486, 0.859, 0.656, 0.711, 0.805, 0.498, 0.547, 0.606, 0.472, 0.376, 0.415, 1.0, 1.0, 6.76186588032"
"0.0, 0.0, 0.337, 0.438, 0.329, 0.334, 0.55, 0.501, 0.867, 0.657, 0.722, 0.774, 0.435, 0.641, 0.281, 0.293, 0.124, 0.228, 1.0, 1.0, 2.30153471813"
"0.0, 0.0, 0.451, 0.304, 0.329, 0.533, 0.351, 0.695, 0.714, 0.74, 0.675, 0.823, 0.184, 0.723, 0.377, 0.447, 0.247, 0.178, 1.0, 1.0, 4.11744105671"
"0.0, 0.0, 0.277, 0.419, 0.157, 0.374, 0.651, 0.595, 0.902, 0.664, 0.785, 0.797, 0.482, 0.732, 0.212, 0.303, 0.124, 0.228, 1.0, 1.0, 1.82000914498"
"0.0, 0.0, 0.421, 0.366, 0.404, 0.406, 0.662, 0.486, 0.326, 0.426, 0.562, 0.355, 0.811, 0.688, 0.382, 0.53, 0.484, 0.474, 1.0, 1.0, 8.77982325359"
"0.0, 0.0, 0.321, 0.413, 0.26, 0.339, 0.586, 0.555, 0.882, 0.656, 0.74, 0.784, 0.452, 0.711, 0.258, 0.339, 0.07, 0.159, 1.0, 1.0, 2.35251524245"
"0.0, 0.0, 0.298, 0.371, 0.25, 0.531, 0.43, 0.576, 0.88, 0.568, 0.782, 0.831, 0.02, 0.817, 0.184, 0.407, 0.052, 0.131, 1.0, 1.0, 1.75470250302"
"0.0, 0.0, 0.302, 0.351, 0.195, 0.457, 0.625, 0.561, 0.819, 0.464, 0.766, 0.828, 0.398, 0.8, 0.203, 0.367, 0.101, 0.203, 1.0, 1.0, 3.39596570060"
"0.0, 0.0, 0.276, 0.457, 0.455, 0.265, 0.504, 0.496, 0.761, 0.676, 0.535, 0.803, 0.465, 0.642, 0.494, 0.385, 0.324, 0.382, 1.0, 1.0, 6.12184251224"
"0.0, 0.0, 0.284, 0.352, 0.196, 0.395, 0.561, 0.533, 0.852, 0.589, 0.735, 0.818, 0.383, 0.742, 0.226, 0.331, 0.17, 0.246, 1.0, 1.0, 3.05022461112"
"0.0, 0.0, 0.271, 0.388, 0.116, 0.389, 0.66, 0.609, 0.903, 0.655, 0.84, 0.796, 0.481, 0.786, 0.2, 0.362, 0.101, 0.195, 1.0, 1.0, 1.36792548427"
"0.0, 0.0, 0.267, 0.381, 0.195, 0.457, 0.625, 0.561, 0.819, 0.464, 0.766, 0.828, 0.398, 0.8, 0.203, 0.367, 0.101, 0.203, 1.0, 1.0, 3.45415110990"
"0.0, 0.0, 0.269, 0.387, 0.115, 0.372, 0.593, 0.57, 0.879, 0.655, 0.767, 0.786, 0.445, 0.728, 0.226, 0.325, 0.157, 0.229, 1.0, 1.0, 1.83525787176"
"0.0, 0.0, 0.285, 0.405, 0.171, 0.34, 0.604, 0.558, 0.887, 0.657, 0.781, 0.792, 0.469, 0.714, 0.241, 0.329, 0.131, 0.168, 1.0, 1.0, 1.81791106397"
"0.0, 0.0, 0.277, 0.419, 0.157, 0.384, 0.661, 0.608, 0.909, 0.653, 0.819, 0.797, 0.479, 0.851, 0.184, 0.407, 0.053, 0.131, 1.0, 1.0, 1.41218324689"
"0.0, 0.0, 0.265, 0.369, 0.103, 0.39, 0.663, 0.609, 0.91, 0.652, 0.827, 0.796, 0.48, 0.79, 0.201, 0.327, 0.053, 0.131, 1.0, 1.0, 1.13006053717"
"0.0, 0.0, 0.28, 0.361, 0.172, 0.434, 0.593, 0.561, 0.857, 0.589, 0.76, 0.819, 0.413, 0.775, 0.22, 0.356, 0.136, 0.222, 1.0, 1.0, 2.48765569514"
"0.0, 0.0, 0.269, 0.373, 0.111, 0.384, 0.661, 0.608, 0.909, 0.653, 0.819, 0.797, 0.479, 0.851, 0.201, 0.329, 0.096, 0.191, 1.0, 1.0, 1.28989642026"
"0.0, 0.0, 0.274, 0.404, 0.146, 0.385, 0.661, 0.608, 0.905, 0.652, 0.82, 0.796, 0.48, 0.778, 0.205, 0.311, 0.104, 0.203, 1.0, 1.0, 1.56995998366"
"0.0, 0.0, 0.273, 0.395, 0.158, 0.343, 0.608, 0.568, 0.897, 0.66, 0.794, 0.799, 0.485, 0.738, 0.213, 0.332, 0.189, 0.145, 1.0, 1.0, 1.87810020508"
"0.0, 0.0, 0.276, 0.394, 0.149, 0.341, 0.611, 0.563, 0.899, 0.658, 0.794, 0.719, 0.533, 0.819, 0.244, 0.469, 0.274, 0.136, 1.0, 1.0, 1.89419472031"
"0.0, 0.0, 0.384, 0.332, 0.36, 0.366, 0.512, 0.514, 0.859, 0.647, 0.723, 0.778, 0.391, 0.651, 0.282, 0.307, 0.086, 0.141, 1.0, 1.0, 2.68880533377"
"0.0, 0.0, 0.297, 0.355, 0.308, 0.557, 0.503, 0.625, 0.872, 0.611, 0.811, 0.811, 0.398, 0.804, 0.212, 0.37, 0.14, 0.168, 1.0, 1.0, 2.24114331746"
"0.0, 0.0, 0.279, 0.418, 0.167, 0.37, 0.648, 0.592, 0.9, 0.664, 0.785, 0.797, 0.482, 0.732, 0.212, 0.303, 0.124, 0.228, 1.0, 1.0, 1.84817316513"
"0.0, 0.0, 0.277, 0.37, 0.14, 0.404, 0.613, 0.622, 0.898, 0.639, 0.817, 0.797, 0.459, 0.792, 0.206, 0.349, 0.102, 0.163, 1.0, 1.0, 1.57983529472"
"0.0, 0.0, 0.266, 0.373, 0.112, 0.384, 0.656, 0.564, 0.908, 0.653, 0.809, 0.796, 0.48, 0.781, 0.217, 0.278, 0.071, 0.143, 1.0, 1.0, 1.23764916938"
"0.0, 0.0, 0.25, 0.354, 0.074, 0.416, 0.672, 0.617, 0.911, 0.651, 0.861, 0.796, 0.479, 0.851, 0.184, 0.407, 0.053, 0.131, 1.0, 1.0, 1.03181722153"
"0.0, 0.0, 0.283, 0.382, 0.158, 0.394, 0.608, 0.617, 0.895, 0.642, 0.799, 0.797, 0.46, 0.764, 0.205, 0.355, 0.109, 0.166, 1.0, 1.0, 1.69886914544"
"0.0, 0.0, 0.265, 0.369, 0.101, 0.395, 0.664, 0.609, 0.905, 0.654, 0.856, 0.796, 0.48, 0.817, 0.215, 0.305, 0.07, 0.151, 1.0, 1.0, 1.16452357037"
"0.0, 0.0, 0.25, 0.355, 0.077, 0.416, 0.672, 0.617, 0.915, 0.651, 0.861, 0.796, 0.479, 0.851, 0.184, 0.329, 0.096, 0.193, 1.0, 1.0, 1.23839115971"
"0.0, 0.0, 0.276, 0.397, 0.15, 0.349, 0.621, 0.572, 0.901, 0.657, 0.799, 0.798, 0.485, 0.727, 0.211, 0.311, 0.175, 0.179, 1.0, 1.0, 1.9564290241"
"0.0, 0.0, 0.272, 0.373, 0.144, 0.393, 0.614, 0.62, 0.901, 0.641, 0.815, 0.797, 0.467, 0.776, 0.204, 0.335, 0.084, 0.156, 1.0, 1.0, 1.47252693253"
"0.0, 0.0, 0.27, 0.386, 0.104, 0.39, 0.663, 0.609, 0.91, 0.652, 0.827, 0.796, 0.48, 0.79, 0.201, 0.329, 0.096, 0.191, 1.0, 1.0, 1.25951410633"
"0.0, 0.0, 0.266, 0.379, 0.103, 0.396, 0.663, 0.611, 0.906, 0.654, 0.848, 0.796, 0.48, 0.805, 0.195, 0.375, 0.088, 0.179, 1.0, 1.0, 1.19980530968"
"0.0, 0.0, 0.299, 0.357, 0.261, 0.523, 0.554, 0.565, 0.841, 0.526, 0.776, 0.829, 0.102, 0.808, 0.19, 0.386, 0.075, 0.161, 1.0, 1.0, 2.66566640099"
"0.0, 0.0, 0.273, 0.39, 0.119, 0.384, 0.659, 0.608, 0.909, 0.653, 0.819, 0.797, 0.481, 0.775, 0.206, 0.307, 0.051, 0.131, 1.0, 1.0, 1.17011023981"
"0.0, 0.0, 0.268, 0.387, 0.165, 0.363, 0.619, 0.591, 0.899, 0.662, 0.807, 0.798, 0.482, 0.792, 0.208, 0.372, 0.161, 0.131, 1.0, 1.0, 1.79375493022"
"0.0, 0.0, 0.271, 0.388, 0.116, 0.388, 0.66, 0.608, 0.903, 0.655, 0.842, 0.796, 0.481, 0.783, 0.199, 0.352, 0.104, 0.201, 1.0, 1.0, 1.40667045810"
"0.0, 0.0, 0.276, 0.394, 0.149, 0.341, 0.611, 0.563, 0.899, 0.658, 0.794, 0.799, 0.486, 0.716, 0.213, 0.313, 0.192, 0.131, 1.0, 1.0, 1.66974499733"
"0.0, 0.0, 0.273, 0.405, 0.148, 0.379, 0.652, 0.597, 0.899, 0.661, 0.789, 0.796, 0.481, 0.739, 0.209, 0.307, 0.081, 0.25, 1.0, 1.0, 1.35263161305"
"0.0, 0.0, 0.273, 0.393, 0.159, 0.375, 0.64, 0.601, 0.899, 0.658, 0.806, 0.798, 0.481, 0.778, 0.209, 0.353, 0.172, 0.175, 1.0, 1.0, 2.13446303959"
"0.0, 0.0, 0.405, 0.179, 0.408, 0.446, 0.495, 0.655, 0.863, 0.566, 0.766, 0.798, 0.483, 0.703, 0.22, 0.277, 0.142, 0.172, 1.0, 1.0, 2.28699727996"
"0.0, 0.0, 0.318, 0.348, 0.197, 0.455, 0.603, 0.576, 0.831, 0.488, 0.78, 0.824, 0.39, 0.797, 0.208, 0.367, 0.101, 0.192, 1.0, 1.0, 3.09948833038"
"0.0, 0.0, 0.283, 0.351, 0.187, 0.413, 0.644, 0.574, 0.852, 0.517, 0.78, 0.808, 0.425, 0.778, 0.207, 0.344, 0.118, 0.213, 1.0, 1.0, 2.97283286068"
"0.0, 0.0, 0.279, 0.418, 0.167, 0.37, 0.661, 0.608, 0.909, 0.653, 0.819, 0.797, 0.481, 0.775, 0.206, 0.307, 0.107, 0.206, 1.0, 1.0, 1.63261921733"
"0.0, 0.0, 0.452, 0.304, 0.336, 0.515, 0.372, 0.684, 0.729, 0.711, 0.691, 0.815, 0.193, 0.722, 0.368, 0.452, 0.241, 0.183, 1.0, 1.0, 3.98424119707"
"0.0, 0.0, 0.25, 0.353, 0.073, 0.416, 0.672, 0.617, 0.915, 0.651, 0.861, 0.796, 0.479, 0.851, 0.184, 0.407, 0.053, 0.131, 1.0, 1.0, 0.983664317433"
"0.0, 0.0, 0.277, 0.413, 0.157, 0.384, 0.661, 0.608, 0.909, 0.653, 0.819, 0.797, 0.481, 0.775, 0.2, 0.422, 0.125, 0.146, 1.0, 1.0, 1.61104686808"
"0.0, 0.0, 0.271, 0.39, 0.171, 0.358, 0.617, 0.589, 0.898, 0.662, 0.8, 0.798, 0.482, 0.78, 0.212, 0.357, 0.17, 0.143, 1.0, 1.0, 1.93091564982"
"0.0, 0.0, 0.262, 0.358, 0.079, 0.424, 0.659, 0.622, 0.746, 0.656, 0.846, 0.767, 0.501, 0.845, 0.194, 0.427, 0.12, 0.131, 1.0, 1.0, 2.10896286167"
"0.0, 0.0, 0.306, 0.428, 0.341, 0.343, 0.508, 0.501, 0.867, 0.657, 0.722, 0.774, 0.435, 0.641, 0.281, 0.293, 0.124, 0.228, 1.0, 1.0, 2.31038141621"
"0.0, 0.0, 0.446, 0.32, 0.364, 0.422, 0.47, 0.609, 0.804, 0.546, 0.746, 0.783, 0.27, 0.702, 0.328, 0.437, 0.181, 0.188, 1.0, 1.0, 3.95460883054"
"0.0, 0.0, 0.297, 0.372, 0.268, 0.343, 0.555, 0.569, 0.835, 0.596, 0.715, 0.808, 0.415, 0.727, 0.237, 0.326, 0.159, 0.256, 1.0, 1.0, 3.15486590416"
"0.0, 0.0, 0.27, 0.387, 0.112, 0.391, 0.661, 0.61, 0.904, 0.655, 0.845, 0.796, 0.481, 0.779, 0.202, 0.347, 0.107, 0.206, 1.0, 1.0, 1.43040207925"
"0.0, 0.0, 0.316, 0.416, 0.356, 0.327, 0.527, 0.486, 0.859, 0.656, 0.711, 0.797, 0.483, 0.562, 0.544, 0.437, 0.311, 0.358, 1.0, 1.0, 6.81887254028"
"0.0, 0.0, 0.297, 0.405, 0.312, 0.357, 0.586, 0.532, 0.814, 0.611, 0.689, 0.75, 0.461, 0.672, 0.263, 0.339, 0.384, 0.31, 1.0, 1.0, 6.05519385630"
"0.0, 0.0, 0.276, 0.394, 0.149, 0.341, 0.611, 0.563, 0.899, 0.658, 0.794, 0.799, 0.486, 0.732, 0.212, 0.303, 0.124, 0.228, 1.0, 1.0, 1.74741406310"
"0.0, 0.0, 0.27, 0.386, 0.134, 0.356, 0.623, 0.573, 0.902, 0.656, 0.807, 0.798, 0.484, 0.743, 0.207, 0.331, 0.164, 0.164, 1.0, 1.0, 1.71221684815"
"0.0, 0.0, 0.261, 0.364, 0.1, 0.391, 0.669, 0.611, 0.91, 0.652, 0.845, 0.796, 0.479, 0.851, 0.184, 0.407, 0.053, 0.131, 1.0, 1.0, 1.11382476787"
"0.0, 0.0, 0.27, 0.385, 0.115, 0.387, 0.659, 0.599, 0.904, 0.654, 0.835, 0.796, 0.48, 0.782, 0.202, 0.337, 0.097, 0.189, 1.0, 1.0, 1.33162001639"
"0.0, 0.0, 0.269, 0.391, 0.162, 0.367, 0.624, 0.591, 0.899, 0.659, 0.806, 0.798, 0.481, 0.788, 0.208, 0.361, 0.164, 0.155, 1.0, 1.0, 1.96243420024"
"0.0, 0.0, 0.276, 0.397, 0.148, 0.379, 0.652, 0.597, 0.899, 0.661, 0.788, 0.796, 0.481, 0.739, 0.209, 0.307, 0.081, 0.25, 1.0, 1.0, 1.35689995990"
"0.0, 0.0, 0.258, 0.362, 0.094, 0.396, 0.669, 0.612, 0.91, 0.651, 0.848, 0.796, 0.479, 0.851, 0.184, 0.407, 0.053, 0.131, 1.0, 1.0, 1.09859141301"
"0.0, 0.0, 0.369, 0.329, 0.327, 0.369, 0.522, 0.613, 0.848, 0.588, 0.738, 0.803, 0.457, 0.712, 0.229, 0.316, 0.145, 0.211, 1.0, 1.0, 2.76612951313"
"0.0, 0.0, 0.27, 0.387, 0.112, 0.391, 0.661, 0.61, 0.915, 0.651, 0.861, 0.796, 0.479, 0.851, 0.184, 0.329, 0.096, 0.193, 1.0, 1.0, 1.22771935713"
"0.0, 0.0, 0.265, 0.369, 0.104, 0.39, 0.663, 0.609, 0.91, 0.652, 0.827, 0.796, 0.479, 0.851, 0.197, 0.329, 0.096, 0.191, 1.0, 1.0, 1.24013055093"
"0.0, 0.0, 0.267, 0.38, 0.101, 0.393, 0.663, 0.609, 0.907, 0.652, 0.846, 0.796, 0.48, 0.803, 0.211, 0.312, 0.085, 0.163, 1.0, 1.0, 1.17219307591"
"0.0, 0.0, 0.269, 0.387, 0.115, 0.372, 0.593, 0.57, 0.879, 0.66, 0.794, 0.799, 0.485, 0.738, 0.213, 0.332, 0.189, 0.145, 1.0, 1.0, 1.69153310952"
"0.0, 0.0, 0.277, 0.409, 0.155, 0.372, 0.661, 0.608, 0.909, 0.653, 0.819, 0.797, 0.48, 0.79, 0.205, 0.311, 0.104, 0.203, 1.0, 1.0, 1.56188186686"
"0.0, 0.0, 0.272, 0.391, 0.124, 0.38, 0.647, 0.605, 0.9, 0.656, 0.822, 0.797, 0.481, 0.782, 0.203, 0.355, 0.156, 0.183, 1.0, 1.0, 1.77496043038"
"0.0, 0.0, 0.283, 0.382, 0.158, 0.394, 0.608, 0.617, 0.895, 0.642, 0.799, 0.797, 0.46, 0.764, 0.205, 0.355, 0.102, 0.163, 1.0, 1.0, 1.66323222469"
"0.0, 0.0, 0.267, 0.376, 0.113, 0.384, 0.656, 0.572, 0.908, 0.653, 0.811, 0.796, 0.48, 0.779, 0.214, 0.283, 0.067, 0.14, 1.0, 1.0, 1.22482882377"
"0.0, 0.0, 0.254, 0.361, 0.089, 0.395, 0.666, 0.614, 0.913, 0.651, 0.85, 0.796, 0.479, 0.822, 0.192, 0.328, 0.07, 0.174, 1.0, 1.0, 1.05943415157"
"0.0, 0.0, 0.277, 0.37, 0.116, 0.389, 0.66, 0.609, 0.903, 0.655, 0.84, 0.796, 0.481, 0.786, 0.2, 0.362, 0.101, 0.195, 1.0, 1.0, 1.36397553356"
"0.0, 0.0, 0.266, 0.38, 0.104, 0.396, 0.663, 0.611, 0.906, 0.654, 0.848, 0.796, 0.48, 0.793, 0.198, 0.359, 0.096, 0.191, 1.0, 1.0, 1.27775534113"
"0.0, 0.0, 0.267, 0.376, 0.112, 0.388, 0.659, 0.583, 0.906, 0.654, 0.816, 0.796, 0.48, 0.779, 0.205, 0.315, 0.092, 0.187, 1.0, 1.0, 1.28169775098"
"0.0, 0.0, 0.25, 0.354, 0.073, 0.416, 0.643, 0.617, 0.915, 0.651, 0.861, 0.795, 0.479, 0.851, 0.184, 0.407, 0.053, 0.131, 1.0, 1.0, 0.994964194383"
"0.0, 0.0, 0.273, 0.408, 0.145, 0.385, 0.662, 0.608, 0.909, 0.652, 0.824, 0.796, 0.479, 0.851, 0.184, 0.407, 0.053, 0.131, 1.0, 1.0, 1.33519756932"
"0.0, 0.0, 0.253, 0.363, 0.093, 0.405, 0.665, 0.612, 0.908, 0.652, 0.854, 0.796, 0.479, 0.815, 0.214, 0.316, 0.064, 0.149, 1.0, 1.0, 1.10461289579"
"0.0, 0.0, 0.315, 0.364, 0.1, 0.391, 0.669, 0.611, 0.91, 0.652, 0.845, 0.796, 0.479, 0.851, 0.184, 0.407, 0.053, 0.25, 1.0, 1.0, 1.11790192249"
"0.0, 0.0, 0.266, 0.381, 0.107, 0.393, 0.662, 0.609, 0.905, 0.654, 0.845, 0.796, 0.48, 0.796, 0.196, 0.363, 0.093, 0.186, 1.0, 1.0, 1.25048228871"
"0.0, 0.0, 0.27, 0.376, 0.114, 0.386, 0.66, 0.608, 0.904, 0.654, 0.828, 0.796, 0.48, 0.813, 0.199, 0.34, 0.101, 0.195, 1.0, 1.0, 1.34483413991"
"0.0, 0.0, 0.276, 0.397, 0.15, 0.349, 0.621, 0.591, 0.899, 0.662, 0.807, 0.798, 0.482, 0.792, 0.208, 0.372, 0.161, 0.131, 1.0, 1.0, 1.68115308821"
"0.0, 0.0, 0.28, 0.382, 0.147, 0.393, 0.619, 0.615, 0.898, 0.644, 0.804, 0.796, 0.464, 0.769, 0.204, 0.349, 0.106, 0.171, 1.0, 1.0, 1.60728357793"
"0.0, 0.0, 0.268, 0.383, 0.103, 0.393, 0.663, 0.609, 0.907, 0.652, 0.833, 0.796, 0.48, 0.801, 0.199, 0.359, 0.092, 0.187, 1.0, 1.0, 1.21968912510"
"0.0, 0.0, 0.25, 0.354, 0.074, 0.416, 0.672, 0.617, 0.911, 0.651, 0.861, 0.804, 0.479, 0.851, 0.184, 0.407, 0.053, 0.131, 1.0, 1.0, 1.02402988196"
"0.0, 0.0, 0.268, 0.381, 0.103, 0.393, 0.664, 0.609, 0.91, 0.652, 0.83, 0.796, 0.479, 0.802, 0.197, 0.344, 0.087, 0.179, 1.0, 1.0, 1.17690663218"
"0.0, 0.0, 0.272, 0.375, 0.124, 0.4, 0.636, 0.613, 0.903, 0.646, 0.823, 0.796, 0.47, 0.79, 0.202, 0.343, 0.099, 0.179, 1.0, 1.0, 1.45082715015"
"0.0, 0.0, 0.277, 0.37, 0.14, 0.404, 0.613, 0.622, 0.898, 0.639, 0.817, 0.797, 0.479, 0.851, 0.184, 0.407, 0.053, 0.131, 1.0, 1.0, 1.45661955597"
"0.0, 0.0, 0.25, 0.354, 0.076, 0.416, 0.672, 0.617, 0.915, 0.651, 0.861, 0.796, 0.479, 0.851, 0.184, 0.344, 0.087, 0.18, 1.0, 1.0, 1.15200377864"
"0.0, 0.0, 0.266, 0.393, 0.133, 0.387, 0.661, 0.608, 0.907, 0.652, 0.824, 0.796, 0.48, 0.785, 0.203, 0.321, 0.092, 0.154, 1.0, 1.0, 1.34586552128"
"0.0, 0.0, 0.25, 0.355, 0.077, 0.416, 0.672, 0.622, 0.746, 0.656, 0.846, 0.767, 0.501, 0.845, 0.194, 0.427, 0.12, 0.131, 1.0, 1.0, 2.1531477857"
"0.0, 0.0, 0.281, 0.379, 0.154, 0.396, 0.609, 0.618, 0.895, 0.641, 0.802, 0.797, 0.459, 0.769, 0.205, 0.353, 0.107, 0.165, 1.0, 1.0, 1.67290659400"
"0.0, 0.0, 0.274, 0.38, 0.164, 0.383, 0.615, 0.612, 0.898, 0.647, 0.809, 0.797, 0.464, 0.784, 0.21, 0.351, 0.151, 0.152, 1.0, 1.0, 1.89063145543"
"0.0, 0.0, 0.306, 0.428, 0.341, 0.343, 0.508, 0.514, 0.859, 0.647, 0.723, 0.778, 0.391, 0.651, 0.282, 0.307, 0.086, 0.141, 1.0, 1.0, 2.65838989546"
"0.0, 0.0, 0.304, 0.348, 0.228, 0.389, 0.551, 0.529, 0.853, 0.6, 0.732, 0.81, 0.384, 0.721, 0.237, 0.326, 0.153, 0.225, 1.0, 1.0, 2.83989416770"
"0.0, 0.0, 0.262, 0.364, 0.088, 0.4, 0.665, 0.614, 0.91, 0.652, 0.845, 0.796, 0.479, 0.851, 0.193, 0.363, 0.074, 0.146, 1.0, 1.0, 1.09586076812"
"0.0, 0.0, 0.283, 0.382, 0.158, 0.394, 0.608, 0.617, 0.895, 0.642, 0.799, 0.797, 0.46, 0.764, 0.205, 0.355, 0.109, 0.183, 1.0, 1.0, 1.74285296019"
"0.0, 0.0, 0.277, 0.415, 0.163, 0.371, 0.659, 0.605, 0.907, 0.654, 0.813, 0.796, 0.481, 0.767, 0.206, 0.307, 0.101, 0.214, 1.0, 1.0, 1.54394043674"
"0.0, 0.0, 0.276, 0.385, 0.162, 0.373, 0.615, 0.607, 0.895, 0.656, 0.804, 0.797, 0.47, 0.778, 0.206, 0.359, 0.125, 0.152, 1.0, 1.0, 1.65669546673"
"0.0, 0.0, 0.28, 0.361, 0.172, 0.434, 0.554, 0.565, 0.841, 0.526, 0.776, 0.829, 0.102, 0.808, 0.19, 0.386, 0.075, 0.161, 1.0, 1.0, 2.7596465179"
"0.0, 0.0, 0.28, 0.383, 0.149, 0.393, 0.618, 0.615, 0.896, 0.644, 0.807, 0.796, 0.464, 0.768, 0.204, 0.356, 0.107, 0.171, 1.0, 1.0, 1.62789673860"
"0.0, 0.0, 0.274, 0.403, 0.127, 0.386, 0.66, 0.608, 0.904, 0.654, 0.83, 0.796, 0.481, 0.777, 0.199, 0.375, 0.113, 0.176, 1.0, 1.0, 1.47261236821"
"0.0, 0.0, 0.276, 0.397, 0.15, 0.349, 0.621, 0.572, 0.901, 0.657, 0.799, 0.798, 0.485, 0.727, 0.211, 0.311, 0.164, 0.164, 1.0, 1.0, 1.83140278146"
"0.0, 0.0, 0.27, 0.387, 0.112, 0.39, 0.66, 0.609, 0.903, 0.655, 0.844, 0.796, 0.481, 0.784, 0.201, 0.35, 0.105, 0.203, 1.0, 1.0, 1.40480069049"
"0.0, 0.0, 0.29, 0.374, 0.229, 0.488, 0.582, 0.605, 0.865, 0.57, 0.785, 0.808, 0.261, 0.789, 0.201, 0.374, 0.082, 0.163, 1.0, 1.0, 2.25834595661"
"0.0, 0.0, 0.279, 0.418, 0.167, 0.37, 0.593, 0.57, 0.879, 0.655, 0.767, 0.786, 0.445, 0.728, 0.226, 0.325, 0.157, 0.229, 1.0, 1.0, 2.40562297851"
"0.0, 0.0, 0.277, 0.411, 0.154, 0.374, 0.661, 0.608, 0.909, 0.652, 0.82, 0.796, 0.474, 0.778, 0.205, 0.311, 0.104, 0.203, 1.0, 1.0, 1.56405673918"
"0.0, 0.0, 0.255, 0.359, 0.085, 0.407, 0.663, 0.611, 0.912, 0.652, 0.834, 0.796, 0.477, 0.851, 0.191, 0.365, 0.086, 0.173, 1.0, 1.0, 1.10161117319"
"0.0, 0.0, 0.25, 0.355, 0.078, 0.411, 0.67, 0.616, 0.914, 0.651, 0.858, 0.796, 0.479, 0.845, 0.185, 0.34, 0.083, 0.178, 1.0, 1.0, 1.10432236118"
"0.0, 0.0, 0.25, 0.355, 0.077, 0.416, 0.672, 0.617, 0.915, 0.651, 0.861, 0.796, 0.479, 0.851, 0.22, 0.277, 0.053, 0.131, 1.0, 1.0, 0.973407629617"
